Player,Age,Team,Pos,G,GS,Int,Tgt,Cmp,Yds,TD,Rat,DADOT,Air,YAC,Bltz,Hrry,QBKD,Bats,Sk,Prss,Comb,MTkl
Bobby Wagner,33,SEA,LB,17,16,0,61,49,546,2,114.9,5.1,239,307,44,1,2,0,3.5,7,183,8
Zaire Franklin,27,IND,LB,16,16,0,84,65,663,1,103.4,4.6,225,438,23,0,1,1,1.5,3,179,15
Alex Singleton,30,DEN,LB,17,16,0,85,68,573,2,102.6,2.3,138,435,52,1,3,1,2,6,177,15
Foyesade Oluokun,28,JAX,LB,17,17,1,82,61,499,1,88.4,2.2,94,405,49,5,6,1,2.5,14,173,22
Azeez Al-Shaair,26,TEN,LILB,17,17,0,49,34,281,2,97.4,5.1,103,178,42,1,4,1,2,7,163,13
Roquan Smith,26,BAL,LB,16,16,1,82,63,676,2,103.5,5.2,304,372,42,1,4,1,1.5,7,158,8
T.J. Edwards,27,CHI,LB,17,17,3,87,72,644,2,90.8,2.7,162,482,68,2,6,0,2.5,11,155,13
C.J. Mosley,31,NYJ,LB,17,17,1,65,48,508,1,94.9,3.1,122,386,29,0,1,1,0.5,2,152,13
Bobby Okereke,27,NYG,LB,17,17,2,42,34,302,2,92.7,1.1,15,287,69,2,4,1,2.5,9,149,12
Robert Spillane,28,LVR,LB,17,17,3,55,40,410,2,83.1,3.3,112,298,36,1,3,0,3.5,8,148,12
Ernest Jones,24,LAR,LB,15,15,0,48,34,294,1,93.6,1.7,49,245,58,7,2,1,4.5,14,145,2
Terrel Bernard,24,BUF,LB,17,17,3,56,40,388,2,80.1,5,159,229,50,5,2,1,6.5,14,143,15
Quincy Williams,27,NYJ,LB,17,16,1,88,63,450,4,93.5,2.2,72,378,29,1,2,1,2,5,139,13
Camryn Bynum,25,MIN,S,17,17,2,92,70,698,3,98.9,8,386,312,5,0,0,0,0.5,1,137,13
Logan Wilson,27,CIN,LB,17,17,4,73,55,576,4,93.2,5.1,247,329,38,0,2,0,1,4,135,7
Lavonte David,33,TAM,LB,15,15,0,85,67,569,2,102.4,4.6,224,345,51,4,0,0,4.5,9,134,9
Patrick Queen,24,BAL,LB,17,17,1,67,52,388,2,94.5,3.2,102,286,63,4,2,0,3.5,10,133,14
Jessie Bates III,26,ATL,S,17,17,6,51,33,380,3,67.1,12.4,264,116,13,1,1,0,0,2,132,11
Fred Warner,27,SFO,LB,17,17,4,76,56,560,1,76.6,4.9,203,357,43,1,4,3,2.5,8,132,14
Alex Anzalone,29,DET,LB,16,16,0,80,56,546,2,97.2,3.7,158,388,75,5,9,1,3,17,129,22
Devin Lloyd,25,JAX,LB,15,15,0,72,50,441,2,94.7,4.5,164,277,34,1,1,0,0,2,127,12
Derwin James,27,LAC,S,16,16,1,64,44,468,2,93.7,7.9,250,218,36,3,2,1,2,7,125,12
Frankie Luvu,27,CAR,LILB,17,17,0,56,34,326,3,94.8,2.8,100,226,46,2,5,1,5.5,13,125,18
Julian Love,25,SEA,S,17,12,4,69,44,606,3,82.2,10.1,398,208,4,1,1,0,0,2,123,10
Kaden Elliss,28,ATL,LB,17,17,0,54,39,281,1,90.1,3.7,77,204,39,3,2,1,4,9,122,9
Antoine Winfield Jr.,25,TAM,S,17,17,3,48,33,471,4,102,11.6,294,177,30,4,2,2,6,12,122,7
Kevin Byard,30,2TM,SS,16,16,1,63,47,512,2,102.1,7.5,298,214,10,0,0,1,0,0,122,5
Kevin Byard,30,TEN,SS,6,6,0,22,16,196,0,99.8,9.5,113,83,1,0,0,0,0,0,47,2
Kevin Byard,30,PHI,SS,10,10,1,41,31,316,2,103.3,6.4,185,131,9,0,0,1,0,0,75,3
Cody Barton,27,WAS,LB,13,13,1,47,37,331,2,101.3,2.5,92,239,27,4,0,0,0,4,121,4
Demario Davis,34,NOR,MLB,17,17,0,46,29,232,2,90.1,4.7,82,150,39,3,5,0,6.5,15,121,11
Dre Greenlaw,26,SFO,LB,15,15,0,82,58,456,4,100.5,4,151,305,39,2,2,0,1.5,6,120,12
Germaine Pratt,27,CIN,LB,17,17,2,63,45,425,2,87.1,4.7,207,218,25,2,0,0,2,5,118,8
Quay Walker,23,GNB,LB,14,14,1,58,43,429,1,93.2,3,116,313,59,2,2,0,2.5,7,118,6
Eric Kendricks,31,LAC,LILB,15,14,0,59,47,498,0,101.8,3.4,156,342,53,1,2,1,3.5,7,117,5
Xavier McKinney,25,NYG,FS,17,17,3,65,41,456,1,69.8,8.5,241,215,42,2,0,2,0.5,3,116,8
Josh Metellus,25,MIN,S,17,17,1,79,65,527,3,101.8,4.6,192,335,91,14,7,0,2.5,24,116,13
Kamren Curl,24,WAS,S,16,16,0,46,32,373,2,108.3,8.7,244,129,17,1,2,0,1,4,115,9
Ja'Whaun Bentley,27,NWE,LB,16,16,0,44,33,338,0,96.6,4.1,117,221,77,6,5,1,4.5,16,114,13
Reed Blankenship,24,PHI,S,15,15,3,66,42,529,6,99.9,11.8,330,199,6,0,1,0,0,1,113,11
Tremaine Edmunds,25,CHI,LB,15,15,4,65,51,450,3,85.3,3.8,170,280,34,0,0,0,0,0,113,13
David Long,27,MIA,LB,17,17,0,50,34,386,1,97.6,4.5,170,216,65,4,4,1,1,9,113,14
Jordyn Brooks,26,SEA,RILB,16,16,1,52,40,389,0,89.3,3.9,81,308,22,2,2,0,4.5,9,111,12
Daxton Hill,23,CIN,S,17,17,2,50,34,465,2,94.2,10.4,337,128,26,2,3,1,1.5,7,110,8
Nathan Landman,25,ATL,LB,16,14,1,42,29,262,1,83.6,2.5,61,201,17,1,2,0,2,5,110,13
Jahlani Tavai,27,NWE,LB,17,16,2,35,26,166,1,69.5,1.2,19,147,55,1,3,0,1,5,110,10
Damone Clark,23,DAL,LB,17,17,0,32,24,224,1,104.2,3.1,51,173,42,1,1,0,0,2,109,4
Kyle Dugger,27,NWE,DB,17,17,2,64,44,478,1,82.7,8.3,270,208,45,4,2,0,1.5,8,109,8
Josey Jewell,29,DEN,LB,16,15,0,43,29,196,2,92.8,3.4,74,122,38,1,1,0,3,5,108,4
Jordan Hicks,31,MIN,LB,13,13,1,42,34,298,1,94.2,3.9,128,170,89,4,1,1,1,6,107,6
Kenneth Murray,25,LAC,LB,15,15,1,69,49,516,3,100.9,2.8,128,388,61,2,0,0,3,5,107,4
Blake Cashman,27,HOU,MLB,14,13,1,55,38,263,1,78.1,4,74,189,28,2,3,0,2,7,106,8
Divine Deablo,25,LVR,LB,15,15,0,49,38,289,2,104.8,2.6,75,214,24,1,1,0,1,3,106,7
Jaquan Brisker,24,CHI,DB,15,15,1,60,37,442,6,110.6,9.4,264,178,20,1,0,1,1,3,105,10
Derrick Brown,25,CAR,DT,17,17,1,5,5,52,0,70.4,0.8,4,48,0,3,12,7,2,17,103,4
Richie Grant,26,ATL,S,17,15,1,57,39,543,6,126.6,12.8,392,151,21,1,3,0,3,7,103,11
Ivan Pace,23,MIN,LB,17,11,1,37,30,182,0,75.9,3.1,37,145,74,1,6,0,2.5,10,102,7
E.J. Speed,28,IND,LB,16,11,0,59,38,285,0,75.9,3,97,188,32,2,1,0,1,4,102,14
Christian Harris,22,HOU,LB,16,12,0,55,41,365,1,97.9,1.5,27,338,29,0,1,2,2,3,101,9
Rayshawn Jenkins,29,JAX,SS,17,17,2,61,33,424,0,62.5,9,254,170,32,3,1,0,1,5,101,10
Micah McFadden,23,NYG,LB,16,14,1,35,26,178,1,82.8,1.4,9,169,53,2,4,0,1,8,101,22
Jeremiah Owusu-Koramoah,24,CLE,LB,16,13,2,45,35,250,3,93.5,2.9,71,179,60,1,0,1,3.5,5,101,13
Elandon Roberts,29,PIT,LB,16,15,0,48,39,343,1,103.4,3.1,142,201,32,2,3,1,2.5,8,101,7
Jordan Poyer,32,BUF,SS,16,16,0,51,35,357,2,101.5,7.6,238,119,27,2,1,0,1,4,100,6
Taron Johnson,27,BUF,CB,17,17,0,81,55,409,3,92.1,2.9,95,314,28,0,1,0,1,2,98,6
Jordan Whitehead,26,NYJ,SS,17,17,4,38,21,280,7,78.8,11.7,122,158,5,0,0,0,0.5,1,97,16
Jack Campbell,23,DET,LB,17,12,0,31,25,298,2,128.2,5.1,127,171,43,1,1,0,2,4,95,10
Quandre Diggs,30,SEA,FS,17,17,1,36,23,360,2,103.9,10.9,248,112,1,0,0,0,0,0,95,13
Jack Gibbens,25,TEN,LB,14,13,0,30,20,255,0,93.1,4.9,89,166,16,2,1,1,1,4,95,6
Nicholas Morrow,28,PHI,LB,15,12,0,55,36,393,3,104.6,5.1,149,244,33,0,2,0,3,5,95,6
Justin Reid,26,KAN,S,16,16,1,62,39,383,3,89.7,7.6,242,141,34,2,2,1,3,7,95,7
Markquese Bell,24,DAL,S,17,8,0,47,32,296,1,92.2,3.7,62,234,19,0,0,1,0,0,94,4
Jordan Fuller,25,LAR,DB,17,17,3,54,34,468,3,86,12.9,292,176,7,0,0,0,0,0,94,6
Kenny Moore,28,IND,CB,16,16,3,80,59,535,5,96.6,4.2,179,356,19,1,0,0,1.5,3,93,5
Harrison Smith,34,MIN,S,17,17,0,52,34,333,0,83.3,7.5,148,185,83,1,3,1,3,7,93,9
Pete Werner,24,NOR,LB,16,16,1,61,49,450,2,101.5,4.9,193,257,40,1,0,0,0.5,2,93,4
Harrison Phillips,27,MIN,DL,17,17,0,2,1,22,0,89.6,-2.5,-1,23,2,3,1,2,3,8,92,4
Maxx Crosby,26,LVR,DE,17,17,0,3,3,16,0,88.9,-4.7,-14,30,2,20,15,2,14.5,50,90,3
Kyzir White,27,ARI,LB,11,11,1,32,26,225,1,93.4,2.8,54,171,20,1,0,0,2,3,90,6
Jamin Davis,25,WAS,LB,13,13,1,44,29,328,3,101.3,4.5,97,231,33,1,0,0,3,4,89,9
K'Von Wallace,26,2TM,FS,17,12,1,43,34,324,1,96.1,6,199,125,12,1,1,0,0,2,89,7
K'Von Wallace,26,ARI,FS,7,5,1,24,18,195,0,81.1,6.1,107,88,10,1,0,0,0,1,43,6
K'Von Wallace,26,TEN,S,10,7,0,19,16,129,1,112.5,5.8,92,37,2,0,1,0,0,1,46,1
Julian Blackmon,25,IND,S,15,15,4,46,28,331,0,46.6,10.1,196,135,18,0,1,0,0,1,88,4
Donovan Wilson,28,DAL,S,15,13,2,30,24,256,2,96.7,6.7,130,126,17,0,1,0,0,1,88,7
Shaquille Leonard,28,2TM,LLB,14,12,0,29,19,167,2,103.7,1,18,149,11,1,0,0,1,2,88,8
Shaquille Leonard,28,IND,LLB,9,9,0,22,14,129,1,94.7,1.7,23,106,6,1,0,0,0,1,65,5
Shaquille Leonard,28,PHI,LB,5,3,0,7,5,38,1,123.8,-1.3,-5,43,5,0,0,0,1,1,23,3
Budda Baker,27,ARI,S,12,12,0,30,19,294,1,106.8,12.2,196,98,14,1,0,0,0,1,87,6
Nate Hobbs,24,LVR,CB,13,11,1,83,58,515,4,97.2,5.4,163,352,14,0,0,0,1,1,86,9
Roger McCreary,23,TEN,CB,15,11,1,81,58,558,0,85.3,6.7,232,326,26,1,0,0,2,3,86,10
Isaiah McDuffie,24,GNB,LB,16,8,0,31,24,274,0,103.4,4.6,128,146,19,1,2,0,0.5,4,86,5
Tyrique Stevenson,23,CHI,DB,16,16,4,116,70,831,9,93.7,9.6,492,339,0,0,0,0,0,0,86,9
Zach Cunningham,29,PHI,LB,13,10,0,54,41,290,1,93.9,1.8,56,234,32,0,1,0,0,1,85,8
Amani Hooker,25,TEN,DB,13,13,1,57,40,457,4,110.1,8.2,260,197,7,1,0,0,0,1,85,8
Jason Pinnock,24,NYG,S,16,16,2,42,23,313,2,74.8,9.3,188,125,36,3,2,0,2,7,85,7
Mike Hilton,29,CIN,CB,17,13,2,69,44,386,0,66.5,7.3,158,228,34,0,1,1,2,3,84,8
Deommodore Lenoir,24,SFO,DB,17,17,3,95,60,687,1,75.2,8.3,415,272,12,0,0,0,0,0,84,5
Jonathan Owens,28,GNB,S,17,11,0,32,21,232,3,118.2,6.6,139,93,4,0,1,0,1,2,84,5
Jalen Pitre,24,HOU,S,15,15,0,38,26,456,3,135.4,15.8,367,89,28,2,2,1,0,4,84,11
Danielle Hunter,29,MIN,OLB,17,17,0,5,5,16,0,80,-1.6,-8,24,46,17,7,1,16.5,41,83,4
Tre'von Moehrig,24,LVR,S,17,17,3,44,29,298,3,79.5,7.9,154,144,6,0,0,0,2,2,83,4
Devin White,25,TAM,LB,14,13,2,43,29,194,1,65.5,3.7,56,138,75,4,6,1,2.5,13,83,6
Tony Adams,24,NYJ,S,15,15,3,29,19,285,1,69.5,11.1,219,66,4,2,0,0,0,2,82,9
DeShon Elliott,26,MIA,S,15,15,1,39,27,501,5,140.8,12.5,325,176,2,0,0,0,0,0,82,9
Kerby Joseph,23,DET,S,15,15,4,58,32,552,2,70.5,17.6,391,161,5,0,0,1,0,0,82,13
Derrick Barnes,24,DET,LB,16,13,0,35,26,270,0,96.1,2.9,100,170,67,3,4,0,1,8,81,7
DeForest Buckner,29,IND,DT,17,16,0,1,1,-3,0,79.2,-3,-3,0,2,4,12,6,8,25,81,4
Kyle Hamilton,22,BAL,S,15,15,4,63,34,166,1,38.4,5.2,47,119,30,3,1,1,3,7,81,8
Michael Hoecht,26,LAR,OLB,17,17,0,31,24,232,1,108.5,5.1,62,170,9,5,4,0,6,16,81,7
Grant Delpit,25,CLE,S,13,13,1,33,24,234,2,99.8,4.7,92,142,33,3,2,1,1.5,7,80,7
Trent McDuffie,23,KAN,CB,16,16,0,76,50,524,2,94.4,6.9,310,214,54,4,7,2,3,14,80,6
Keisean Nixon,26,GNB,CB,17,13,1,81,63,601,3,104.8,6.4,274,327,3,0,0,0,0.5,1,80,10
Kendall Fuller,28,WAS,CB,15,15,2,80,55,651,9,120.4,9.3,342,309,0,0,0,0,0,0,79,5
Christian Rozeboom,26,LAR,LB,17,5,1,49,39,296,1,90.1,2.3,90,206,19,0,2,0,0,2,79,12
Devon Witherspoon,23,SEA,CB,14,13,1,84,49,450,5,87.9,7.3,214,236,26,1,1,3,3,5,79,12
Jerome Baker,27,MIA,LILB,13,12,2,46,39,335,1,86.1,2.9,109,226,41,2,2,0,1.5,6,78,11
Carl Granderson,27,NOR,DE,17,17,0,3,2,6,0,70.1,-4,-7,13,2,8,11,2,8.5,28,78,5
Jabrill Peppers,28,NWE,DB,15,15,2,35,23,173,2,72.7,5.5,48,125,35,2,1,0,1,4,78,9
L'Jarius Sneed,26,KAN,CB,16,16,2,100,51,478,0,56.2,9.9,283,195,12,0,3,0,0,3,78,6
Jalen Thompson,25,ARI,S,15,15,4,47,31,422,3,80.3,10.1,288,134,14,1,2,0,1,4,78,5
Drue Tranquill,28,KAN,LB,16,8,0,30,24,184,0,92.2,3.5,70,114,49,1,2,0,4.5,8,78,7
Myles Bryant,25,NWE,DB,17,9,1,82,62,614,3,103.4,8.7,377,237,14,2,0,0,1,3,77,10
Paulson Adebo,24,NOR,CB,15,15,4,100,55,674,1,62.7,11.1,452,222,3,0,1,0,0,1,76,5
Ryan Neal,28,TAM,S,15,13,0,34,31,568,5,158.3,10.6,341,227,13,2,0,0,0,2,76,5
Denzel Perryman,31,HOU,LB,12,11,0,39,29,337,1,108.6,5,116,221,20,2,1,0,0.5,4,76,13
D.J. Reed,27,NYJ,CB,15,15,1,80,47,527,2,81.6,10.7,317,210,2,0,0,0,0,0,76,7
De'Vondre Campbell,30,GNB,LILB,11,11,0,25,18,215,1,111.2,5,84,131,17,2,2,0,0,4,75,3
Tyrann Mathieu,31,NOR,S,17,17,4,46,25,306,3,60.6,8.8,105,201,9,1,0,1,0,1,75,7
Alontae Taylor,25,NOR,CB,17,13,2,102,62,685,4,85.6,8.6,378,307,32,2,0,0,1,3,75,14
Brian Branch,22,DET,DB,15,9,3,73,45,468,4,81.3,6.8,257,211,31,5,2,0,1,8,74,6
Tyrel Dodson,25,BUF,LB,17,10,0,35,29,275,1,108.9,0.9,30,245,36,1,3,0,2.5,7,74,7
Jevon Holland,23,MIA,S,12,12,1,38,27,287,2,99.3,10.6,142,145,5,1,0,0,0,1,74,6
Khaleke Hudson,26,WAS,LB,17,8,0,35,27,277,2,118.4,5.1,77,200,22,1,1,0,1,3,74,2
Khalil Mack,32,LAC,OLB,17,17,0,2,1,0,0,56.2,-0.5,0,0,44,9,10,9,17,36,74,11
Brandon Stephens,26,BAL,DB,16,16,2,108,68,716,2,80.6,9.9,494,222,5,1,0,1,0,1,74,2
Bradley Chubb,27,MIA,LB,16,16,0,9,6,29,1,108.1,-1.1,-4,33,25,9,11,1,11,33,73,14
Alohi Gilman,26,LAC,S,14,14,2,49,31,373,3,89.9,10.4,216,157,2,0,0,0,0,0,73,9
Elijah Molden,24,TEN,CB,15,8,1,33,24,332,3,122.3,9.6,214,118,14,0,0,1,0,0,73,3
Jonathon Cooper,25,DEN,OLB,17,17,1,14,10,117,0,66.7,3.9,47,70,28,9,4,0,8.5,22,72,4
Jayron Kearse,29,DAL,S,16,13,1,38,25,307,0,79.6,7.8,196,111,22,1,1,2,1.5,4,72,3
Charvarius Ward,27,SFO,CB,17,17,5,109,59,714,3,64.5,12,473,241,3,1,0,0,0,1,72,3
Jordan Battle,23,CIN,S,17,7,1,21,19,219,1,106.2,9,122,97,15,1,1,1,2,4,71,5
Rudy Ford,29,GNB,S,13,9,2,28,17,203,1,65,10.1,90,113,3,0,0,0,0,0,71,7
Harold Landry,27,TEN,OLB,17,10,0,18,16,117,1,112.3,1.1,13,104,18,5,10,0,10.5,26,70,3
Justin Simmons,30,DEN,FS,15,15,3,48,32,423,3,89.1,10.1,267,156,6,0,0,0,1,1,70,5
Vonn Bell,29,CAR,FS,13,13,1,27,18,240,0,79.2,12.6,206,34,2,0,1,0,0,1,69,8
DaRon Bland,24,DAL,CB,17,15,9,84,50,661,4,60.8,12.4,445,216,2,0,1,0,0,1,69,6
Patrick Surtain II,23,DEN,CB,17,17,1,91,54,660,3,88.2,11.1,483,177,5,0,0,0,0,0,69,6
Andrew Van Ginkel,28,MIA,LOLB,17,11,1,25,17,118,0,61.7,1.7,9,109,40,3,10,5,6,20,69,9
Stephon Gilmore,33,DAL,CB,17,17,2,95,53,659,4,82.7,10.1,428,231,0,0,0,0,0,0,68,4
Zyon McCollum,24,TAM,CB,17,9,0,92,55,624,3,91,11.6,364,260,0,1,0,0,0,1,68,6
Geno Stone,24,BAL,SS/FS,17,11,7,44,28,350,2,63.8,11.6,208,142,11,1,0,0,0,1,68,9
T.J. Watt,29,PIT,LB,17,17,1,8,5,49,0,40.1,1.6,3,46,23,12,18,6,19,50,68,10
Isaiah Oliver,27,SFO,DB,17,6,1,50,42,272,3,101,3.8,139,133,19,0,3,0,0,3,67,8
Benjamin St-Juste,26,WAS,CB,16,16,1,106,67,769,2,87.3,10.2,508,261,5,0,0,0,1,1,67,8
Marcus Epps,27,LVR,S,17,17,0,36,24,269,1,98,9.9,155,114,8,0,0,0,0,0,66,12
Josh Hines-Allen,26,JAX,OLB,17,17,1,9,6,64,0,47.7,-1.9,-3,67,58,14,13,0,17.5,46,66,7
Anfernee Jennings,26,NWE,LB,15,14,0,15,14,67,1,107.5,-0.9,-4,71,55,2,3,0,1.5,7,66,7
Leo Chenal,23,KAN,LB,17,10,0,19,16,126,0,94.3,4.3,49,77,24,4,4,1,3,11,65,3
Akayleb Evans,24,MIN,CB,15,15,1,81,57,780,6,120.4,10.1,449,331,5,0,0,0,0,0,65,16
Christian Izien,23,TAM,S,17,4,2,58,43,393,1,83.5,4.5,167,226,56,2,3,0,0,5,65,7
Jack Sanborn,23,CHI,LB,17,10,1,26,23,234,0,88.1,2.8,57,177,16,2,0,0,1,3,65,11
Cameron Sutton,28,DET,CB,17,17,1,91,61,888,5,112.3,12.4,631,257,7,0,0,0,0,0,65,6
Sione Takitaki,28,CLE,RLB/MLB,15,7,1,28,19,145,0,65.3,4.8,45,100,32,1,1,1,2,4,65,7
Christian Wilkins,28,MIA,LDE,17,17,0,3,2,11,0,72.9,-4.7,-7,18,0,6,14,2,9,30,65,5
Deonte Banks,22,NYG,CB,15,15,2,96,53,606,4,79.6,9.2,391,215,1,0,0,0,0,0,64,6
Christian Barmore,24,NWE,DL,17,6,0,0,0,0,0,,,0,0,0,6,4,6,8.5,19,64,2
Percy Butler,23,WAS,S,15,13,0,32,19,350,4,136.7,15.6,257,93,6,0,0,0,0,0,64,9
Minkah Fitzpatrick,27,PIT,S,10,10,0,32,18,243,0,80.6,10.3,143,100,15,1,0,0,0,1,64,5
Micah Parsons,24,DAL,LB,17,17,0,5,3,10,0,64.6,2.2,4,6,47,11,16,2,14,43,64,3
Adoree' Jackson,28,NYG,CB,14,14,1,88,58,752,2,95.5,7.8,362,390,6,0,0,0,0,0,63,9
Kader Kohou,25,MIA,CB,17,16,0,83,68,641,8,131,7.3,359,282,15,0,4,1,1,5,63,12
Steven Nelson,30,HOU,CB,17,16,4,70,43,657,1,73.3,14,478,179,1,0,0,0,0,0,63,5
Asante Samuel Jr.,24,LAC,CB,17,16,2,96,58,766,3,87.4,8.7,389,377,1,0,0,0,0,0,63,12
Zach Sieler,28,MIA,DT,17,17,1,3,2,3,0,30.6,-2,-5,8,0,7,9,3,10,27,63,8
Andre Cisco,23,JAX,S,15,15,4,47,31,481,7,103.8,13.3,350,131,12,1,0,0,0.5,2,62,10
Michael Davis,28,LAC,CB,17,13,1,89,58,801,8,119.2,12.2,565,236,1,1,0,0,0,1,62,9
A'Shawn Robinson,28,NYG,DL,17,13,0,0,0,0,0,,,0,0,0,1,0,2,0,1,62,1
Quinnen Williams,26,NYJ,DL,17,17,1,2,1,4,0,16.7,-0.5,1,3,0,9,13,1,5.5,29,62,7
D.J. Wonnum,26,MIN,OLB,15,14,0,8,6,50,0,90.6,0,-1,51,48,8,4,4,8,21,62,1
Leonard Williams,29,2TM,NT,18,17,0,3,3,8,0,79.2,-3.7,-11,19,0,7,10,1,5.5,23,62,4
Leonard Williams,29,NYG,NT,8,7,0,0,0,0,0,,,0,0,0,3,3,0,1.5,8,21,2
Leonard Williams,29,SEA,DL,10,10,0,3,3,8,0,79.2,-3.7,-11,19,0,4,7,1,4,15,41,2
Jamel Dean,27,TAM,CB,13,13,0,56,37,484,3,111,10.2,309,175,8,0,0,0,0,0,61,2
Kyler Gordon,24,CHI,DB,13,7,2,61,47,444,2,93.9,5.9,183,261,35,3,1,0,1,5,61,5
John Jenkins,34,LVR,DT,17,17,0,1,1,3,0,79.2,1,1,2,0,1,1,3,1,3,61,2
Damontae Kazee,30,PIT,S,14,9,2,43,29,456,4,114.1,11.3,349,107,4,0,0,0,0,0,61,4
Henry To'oTo'o,22,HOU,LB,14,6,0,33,27,273,3,131.4,5.9,140,133,15,3,1,0,0,4,61,12
Josh Woods,27,ARI,LB,11,7,0,29,23,185,2,116.2,3,51,134,12,1,0,0,0.5,2,61,9
Xavier Woods,28,CAR,S,14,14,2,41,26,223,1,65.4,8.5,119,104,2,0,0,0,0,0,61,7
Russ Yeast,24,LAR,DB,17,9,0,41,28,398,2,115.7,10.7,279,119,13,0,0,0,0,0,61,17
Byron Young,25,LAR,OLB,17,16,0,17,13,76,0,84.4,1.8,-12,88,51,10,11,1,8,30,61,8
Rasul Douglas,28,2TM,CB,16,15,5,80,47,524,5,73.1,8.7,343,181,4,0,0,0,1,1,61,7
Rasul Douglas,28,GNB,RCB,7,7,1,41,27,292,4,109,6.6,178,114,0,0,0,0,0,0,32,3
Rasul Douglas,28,BUF,CB,9,8,4,39,20,232,1,38.6,11,165,67,4,0,0,0,1,1,29,4
Zach Allen,26,DEN,DE,17,17,0,1,1,-1,0,79.2,-5,-5,4,0,7,13,1,5,27,60,2
Nick Bolton,23,KAN,LB,8,8,1,32,23,176,1,82.3,3.8,48,128,23,1,1,0,0,2,60,2
Tyson Campbell,23,JAX,CB,11,11,1,62,43,532,8,128.5,10.1,345,187,1,0,0,0,0,0,60,7
Tashaun Gipson,33,SFO,S,16,16,1,27,15,130,1,65.4,8.6,71,59,9,0,0,0,1,1,60,3
Martin Emerson,23,CLE,CB,16,12,4,79,37,499,0,46.3,12.8,344,155,0,0,0,0,0,0,59,10
Donte Jackson,28,CAR,CB,16,16,0,67,45,558,3,107.7,10.4,401,157,2,0,0,0,0,0,59,12
David Mayo,30,WAS,LB,17,5,0,23,21,210,1,119.2,5.6,125,85,11,1,0,0,2,3,59,4
Tracy Walker,28,DET,SS,17,6,0,30,17,254,3,117.9,12.9,207,47,8,2,2,0,1,5,59,7
Willie Gay Jr.,25,KAN,LB,16,15,1,29,22,177,0,76.4,2.4,31,146,37,2,2,1,1,5,58,4
Sam Hubbard,28,CIN,DE,15,15,0,5,5,39,0,99.2,-1.4,-7,46,3,5,11,0,6,22,58,1
Chidobe Awuzie,28,CIN,LCB,15,10,0,57,36,484,4,113.5,11.8,304,180,2,0,0,0,0,0,57,5
Samson Ebukam,28,IND,DE,17,17,0,8,6,12,0,77.1,-1.5,-20,32,10,3,8,0,9.5,21,57,6
Sauce Gardner,23,NYJ,CB,16,16,0,55,31,332,1,80.3,10.3,168,164,2,0,0,0,0,0,57,14
Alex Highsmith,26,PIT,LB,17,17,2,11,6,26,0,20.5,0.1,-23,49,61,7,11,0,7,26,57,3
Byron Murphy,25,MIN,CB,14,14,3,101,68,781,6,97.8,9.8,381,400,13,0,0,0,0,0,57,12
Sean Murphy-Bunting,26,TEN,LCB,14,14,2,69,44,645,2,91.8,11.2,445,200,4,1,0,0,0,1,57,2
Khalen Saunders,27,NOR,DT,17,17,0,0,0,0,0,,,0,0,0,0,2,1,0,2,57,4
Nick Scott,28,CIN,S,17,10,0,33,22,332,0,99.6,14,217,115,22,1,1,0,0,2,57,4
Darius Slay,32,PHI,CB,12,12,2,80,49,560,2,80.2,10.5,341,219,0,0,0,0,0,0,57,7
Kobie Turner,24,LAR,NT,17,4,0,2,1,5,0,56.2,-7.5,-7,12,0,4,5,1,9,20,57,5
Montez Sweat,27,2TM,DL,17,17,0,1,1,-1,0,79.2,-6,-6,5,0,11,13,3,12.5,40,57,3
Montez Sweat,27,WAS,LDE,8,8,0,1,1,-1,0,79.2,-6,-6,5,0,5,6,1,6.5,19,32,1
Montez Sweat,27,CHI,DL,9,9,0,0,0,0,0,,,0,0,0,6,7,2,6,21,25,2
Calais Campbell,37,ATL,DL,17,17,0,3,2,13,0,75.7,-0.3,-1,14,0,7,10,1,6.5,24,56,8
Davon Godchaux,29,NWE,DL,17,17,0,1,1,11,0,112.5,-3,-3,14,0,3,1,0,0,4,56,3
Kamu Grugier-Hill,29,CAR,LB,17,5,1,21,17,144,1,91.3,3.7,51,93,7,0,0,0,1,1,56,10
Nnamdi Madubuike,26,BAL,DT,17,17,0,3,3,13,0,84.7,-0.7,-2,15,0,3,16,0,13,33,56,2
Krys Barnes,25,ARI,LB,16,6,1,19,16,125,3,111.7,3.4,50,75,5,0,1,2,0,1,55,4
Jerry Jacobs,26,DET,CB,15,12,3,82,52,638,6,96.5,11.8,534,104,4,1,1,0,0,2,55,9
Jermaine Johnson II,24,NYJ,LB,17,17,1,5,2,17,0,10,-5.4,-9,26,26,9,7,3,7.5,25,55,2
Marcus Williams,27,BAL,S,11,11,1,37,24,322,4,117.2,10.8,193,129,1,0,0,0,0,0,55,4
Christian Benford,23,BUF,CB,15,14,2,62,43,470,2,88.8,10.8,347,123,2,0,0,0,0,0,54,0
James Bradberry,30,PHI,CB,16,16,1,101,60,740,11,114.3,10.4,521,219,3,0,0,0,0,0,54,6
Cole Holcomb,27,PIT,LB,8,8,0,19,13,144,0,90.7,4.9,61,83,37,0,2,0,0,2,54,5
Micah Hyde,32,BUF,S,14,14,2,37,26,316,3,100.7,11.3,234,82,16,0,1,1,0,1,54,6
Jarran Reed,31,SEA,DE,16,16,0,3,3,10,0,80.6,-4,-12,22,0,9,5,3,7,21,54,9
Juan Thornhill,28,CLE,S,11,11,0,30,19,208,3,117.1,10.6,144,64,4,0,2,1,0,2,54,2
Deatrich Wise Jr.,29,NWE,DL,16,13,0,1,1,6,0,91.7,-3,-3,9,1,7,1,1,4.5,13,54,0
Jonathan Allen,28,WAS,DT,16,16,0,4,3,-1,1,116.7,-1,-10,9,0,5,11,1,5.5,22,53,6
Nick Bosa,26,SFO,DL,17,17,0,5,4,48,0,106.7,-2.8,-8,56,5,9,21,3,10.5,44,53,4
Aaron Donald,32,LAR,DT,16,16,0,1,1,-1,0,79.2,-6,-6,5,0,8,14,2,8,31,53,5
Quentin Lake,24,LAR,DB,14,4,0,51,32,238,3,93.4,5.8,160,78,14,1,0,0,0,1,53,3
Dexter Lawrence,26,NYG,DL,16,16,0,1,1,21,0,118.7,-3,-3,24,0,5,14,2,4.5,25,53,3
P.J. Locke,26,DEN,S,12,8,1,35,21,302,2,95.2,9.4,149,153,9,0,0,0,3,3,53,9
Daron Payne,26,WAS,DT,17,17,0,2,2,1,0,79.2,-6.5,-13,14,1,4,4,4,4,13,53,7
Tuli Tuipulotu,21,LAC,OLB,17,11,0,10,7,52,1,115.4,1.2,3,49,28,11,6,1,4.5,22,53,8
Darious Williams,30,JAX,LCB,17,17,4,100,55,624,2,63.9,10.8,427,197,1,0,1,0,0,1,53,10
Riq Woolen,24,SEA,CB,16,15,2,71,41,384,4,79.8,9.2,258,126,1,0,0,0,0,0,53,9
Marco Wilson,24,2TM,RCB,16,11,0,65,47,727,5,134.6,11.9,547,180,1,0,0,0,0,0,53,6
Marco Wilson,24,ARI,RCB,15,11,0,64,47,727,5,136.7,11.7,547,180,1,0,0,0,0,0,52,6
Marco Wilson,24,NWE,CB,1,0,0,1,0,0,0,39.6,25,0,0,0,0,0,0,0,0,1,0
Kareem Jackson,35,2TM,SS,10,8,2,25,16,233,2,87.6,8.6,176,57,1,0,0,0,0,0,53,5
Kareem Jackson,35,DEN,SS,8,8,2,24,16,215,2,88,8.3,160,55,1,0,0,0,0,0,51,4
Kareem Jackson,35,HOU,CB,2,0,0,1,0,18,0,79.2,16,16,2,0,0,0,0,0,0,2,1
Shaquil Barrett,31,TAM,LOLB,16,16,1,18,14,106,0,68.1,3.3,38,68,34,6,8,1,4.5,19,52,4
Carlton Davis,26,TAM,RCB,12,12,2,83,51,732,4,96.1,9.8,506,226,2,0,0,0,0,0,52,4
Jonathan Greenard,26,HOU,RDE,15,15,0,3,2,0,0,70.1,-4.3,-9,9,18,9,9,2,12.5,32,52,5
Talanoa Hufanga,24,SFO,S,10,10,3,19,13,105,1,60.1,6.5,71,34,9,1,1,0,0,2,52,3
Jourdan Lewis,28,DAL,CB,16,8,1,71,44,464,4,93.9,6.6,225,239,7,0,0,0,0,0,52,5
Boye Mafe,25,SEA,LB,16,16,0,8,6,111,1,156.2,2.6,12,99,14,8,8,5,9,25,52,3
Kwity Paye,25,IND,DE,16,16,0,4,2,21,0,65.6,-3.3,-7,28,4,6,2,0,8.5,17,52,0
Travon Walker,23,JAX,OLB,17,17,0,10,9,54,0,89.2,1.8,8,46,49,11,7,1,10,30,52,8
Ahkello Witherspoon,28,LAR,DB,17,17,3,106,51,753,5,75.7,14.8,566,187,1,0,0,0,0,0,52,9
Mike Edwards,27,KAN,S,17,5,1,31,15,199,2,77.2,11.9,130,69,6,0,0,0,1,1,51,5
B.J. Hill,28,CIN,DT,17,17,2,1,1,1,0,39.6,-7,-7,8,0,3,14,3,4.5,23,51,2
Aidan Hutchinson,23,DET,DL,17,17,1,3,0,0,0,0,-2.3,0,0,1,29,21,5,11.5,62,51,9
Ja'Quan McMillian,23,DEN,CB,16,3,2,66,37,400,7,96.8,7.2,185,215,19,0,1,1,2,3,51,8
Ed Oliver,26,BUF,DT,16,16,1,1,0,0,0,0,-2,0,0,0,3,5,2,9.5,19,51,7
Darnell Savage Jr.,26,GNB,SS,10,10,0,23,18,222,0,106.9,8.6,150,72,3,1,0,0,0,1,51,8
Tavierre Thomas,27,HOU,CB,9,5,0,33,26,276,1,111.6,6.5,155,121,12,0,0,0,0,0,51,5
Denico Autry,33,TEN,LDE,17,14,0,2,2,12,0,91.7,2.5,5,7,0,8,3,3,11.5,24,50,7
Brian Burns,25,CAR,LOLB,16,16,0,15,12,70,0,86.1,1.4,31,39,35,2,11,1,8,21,50,4
Michael Carter II,24,NYJ,CB,15,7,0,62,32,299,1,70.6,7.8,116,183,13,3,1,0,0,4,50,5
Michael Danna,26,KAN,DE,16,16,0,4,3,8,1,116.7,-4.5,-17,25,1,9,5,3,6.5,21,50,2
Malik Hooker,27,DAL,S,16,15,1,23,13,213,1,84.1,13,113,100,4,0,0,0,0,0,50,4
DeMarcus Lawrence,31,DAL,DE,17,17,0,5,2,29,0,59.6,-5.6,-11,40,2,6,4,6,4,14,50,3
Keanu Neal,28,PIT,SS,9,8,1,34,21,282,1,85.7,7,160,122,10,0,1,0,0,1,50,8
David Onyemata,31,ATL,DL,14,14,0,2,1,4,0,56.2,-3.5,-5,9,0,5,11,1,4,21,50,1
Taylor Rapp,26,BUF,S,16,4,1,18,11,161,1,85.6,14.2,141,20,4,0,0,0,0.5,1,50,3
Amik Robertson,25,LVR,CB,17,12,2,66,39,531,3,87.4,9.9,244,287,4,0,0,0,1,1,50,5
Nathan Shepherd,30,NOR,DT,17,17,0,0,0,0,0,,,0,0,0,4,3,0,3.5,11,50,3
Isaiah Simmons,25,NYG,S,17,4,1,27,22,199,0,81.9,1.9,37,162,54,4,0,1,1,5,50,8
Tedarrell Slaton,26,GNB,DL,17,17,0,0,0,0,0,,,0,0,0,3,1,1,0,4,50,3
Cam Taylor-Britt,24,CIN,CB,12,12,4,67,38,620,3,78,15.2,452,168,0,1,0,0,0,1,50,4
Kayvon Thibodeaux,23,NYG,OLB,17,17,0,11,8,47,0,80.5,-2.5,-28,75,98,18,4,4,11.5,35,50,5
DJ Turner,23,CIN,CB,17,12,0,69,40,693,4,111.6,12.6,356,337,0,0,0,0,1,1,50,4
Jimmie Ward,32,HOU,S,10,10,1,34,28,351,0,97.4,8.8,214,137,4,0,0,0,0,0,50,3
Dre'Mont Jones,26,SEA,DE,17,16,0,3,3,66,0,118.7,5.3,16,50,4,8,7,0,4.5,20,49,3
Justin Jones,27,CHI,RDT,17,17,0,4,4,22,0,89.6,-1.5,-6,28,0,5,12,4,4.5,22,49,4
Derion Kendrick,23,LAR,DB,17,12,1,77,44,600,3,89.7,13.9,423,177,1,0,0,1,0,0,49,11
Greg Newsome II,23,CLE,CB,14,13,2,67,38,450,2,74.8,7.5,161,289,14,1,0,1,0.5,2,49,10
Terell Smith,24,CHI,DB,12,4,0,46,29,354,1,93.9,11.8,276,78,0,0,0,0,0,0,49,3
Jonah Williams,28,LAR,DE,17,16,0,0,0,0,0,,,0,0,0,3,2,1,2,7,49,1
Jamal Adams,28,SEA,SS,9,9,0,31,25,175,2,111.7,4.7,67,108,22,3,3,1,0,6,48,9
Troy Hill,32,CAR,CB,16,3,1,55,34,344,4,96.3,6.2,136,208,13,1,1,0,0,2,48,9
Brandon Jones,25,MIA,SS,16,6,2,16,11,133,1,75.3,10.3,70,63,4,0,1,0,0,1,48,7
Jonathan Jones,30,NWE,DB,14,14,0,56,32,436,2,94,13.7,285,151,1,0,0,0,0,0,48,2
Marshon Lattimore,27,NOR,CB,10,10,1,47,27,299,1,74.7,8.8,147,152,0,0,0,0,0,0,48,5
Bilal Nichols,27,LVR,LDT,17,17,0,4,3,33,0,99,-3,-12,45,0,0,1,0,1.5,3,48,3
Preston Smith,31,GNB,LB,17,17,0,4,1,15,0,42.7,3.3,8,7,56,4,10,3,8,23,48,1
Terrell Edmunds,26,2TM,S,16,4,1,30,18,225,1,80.6,11.4,174,51,15,1,0,0,2.5,4,48,3
Terrell Edmunds,26,PHI,S,7,3,0,19,12,155,1,106.2,12.8,119,36,2,1,0,0,0,1,28,2
Terrell Edmunds,26,TEN,S,9,1,1,11,6,70,0,36.2,8.8,55,15,13,0,0,0,2.5,3,20,1
George Karlaftis III,22,KAN,DE,16,16,0,7,6,55,0,99.4,1.3,4,51,1,18,4,3,10.5,35,47,4
Desmond King,29,HOU,CB,7,3,0,24,20,186,0,99,4.5,78,108,9,0,1,0,1,2,47,4
Dante Stills,24,ARI,DT,15,8,0,3,3,7,0,79.2,-3.7,-11,18,0,2,1,0,3.5,7,47,1
Eli Apple,28,MIA,CB,10,4,1,66,43,494,2,91.4,11.2,335,159,0,0,0,0,0.5,1,46,6
Oren Burks,28,SFO,LB,15,5,1,22,15,113,0,61.4,1,5,108,8,2,0,0,1,3,46,1
Kristian Fulton,25,TEN,CB,12,11,0,49,37,497,1,114.1,11,359,138,0,0,0,0,0,0,46,5
Dennis Gardeck,29,ARI,OLB,17,8,0,13,10,72,2,128.8,2.5,18,54,31,8,6,2,6,20,46,4
Tre Herndon,27,JAX,CB,16,4,0,62,47,500,3,115,7,224,276,18,3,2,1,0,5,46,6
Austin Johnson,29,LAC,DL,17,17,0,3,3,15,1,127.1,-4,-12,27,1,1,1,2,0,2,46,2
D.J. Jones,28,DEN,DT,16,16,0,4,3,-13,0,77.1,-6.5,-26,13,0,0,2,0,2,4,46,2
Jonathan Ledbetter,26,ARI,DL,12,12,0,2,2,-1,0,79.2,-5,-10,9,0,1,2,0,1.5,5,46,3
Quan Martin,23,WAS,DB,16,5,2,30,20,247,2,86.4,5.6,87,160,14,0,0,0,1,1,46,5
Fabian Moreau,29,DEN,CB,16,11,1,60,39,628,1,98.5,11.1,411,217,2,0,0,0,0,0,46,4
Osa Odighizuwa,25,DAL,DT,17,17,0,2,1,0,0,56.2,12,0,0,0,1,10,0,3,14,46,5
Jamien Sherwood,23,NYJ,LB,17,3,0,5,5,34,1,134.6,4,20,14,3,0,0,0,0,0,46,0
Kevin Strong,27,ARI,LDE,14,11,0,1,1,2,0,79.2,-3,-3,5,0,3,0,0,2.5,6,46,3
Will Anderson,22,HOU,DE,15,13,0,2,2,15,0,97.9,1,2,13,12,10,15,1,7,32,45,9
Sydney Brown,23,PHI,S,14,6,1,24,19,200,2,111.8,8.8,120,80,6,0,0,0,0,0,45,3
Jordan Davis,23,PHI,DT,17,17,0,1,1,-3,0,79.2,-6,-6,3,1,5,1,1,2.5,10,45,3
Xavien Howard,30,MIA,LCB,13,13,1,62,39,419,1,81.3,11.3,299,120,3,0,1,0,0,1,45,6
Jalen Mills,29,NWE,DB,17,8,0,30,18,225,1,94.4,9.1,94,131,10,2,1,0,0,3,45,7
AJ Terrell,25,ATL,CB,17,17,0,81,45,552,4,93.2,11,397,155,0,0,0,0,0,0,45,9
Joe Tryon-Shoyinka,24,TAM,OLB,17,12,0,8,8,54,0,94.8,1,8,46,17,4,4,1,5,13,45,3
Andrew Wingard,27,JAX,S,17,2,1,18,11,135,1,79.6,10.2,103,32,3,0,1,0,0,1,45,3
Jonathan Bullard,30,MIN,DL,17,14,0,0,0,0,0,,,0,0,1,1,0,0,2,3,44,0
Kenny Clark,28,GNB,DL,17,17,0,0,0,0,0,,,0,0,0,9,7,1,7.5,25,44,7
Rashan Gary,26,GNB,LB,17,13,0,1,0,0,0,39.6,-6,0,0,57,10,10,1,9,30,44,4
Javon Hargrave,30,SFO,DL,16,16,0,1,1,11,0,112.5,-2,-2,13,0,1,5,1,7,14,44,2
Jaylon Jones,21,IND,CB,17,10,0,62,35,354,5,99.8,9.5,288,66,0,0,0,0,0,0,44,2
Jeff Okudah,24,ATL,RCB,13,9,0,58,38,528,0,94.6,10.2,322,206,0,0,0,0,0,0,44,1
Jeffery Simmons,26,TEN,DT,12,12,0,0,0,0,0,,,0,0,1,6,5,1,5.5,17,44,3
Carrington Valentine,22,GNB,CB,17,12,0,59,34,411,1,84.8,10.9,312,99,0,0,0,0,0,0,44,4
Anthony Walker,28,CLE,MLB,12,12,0,21,14,136,1,100.5,4.6,41,95,25,0,2,0,0,2,44,3
Corey Ballentine,27,GNB,CB,14,6,1,48,27,312,2,81.2,11.1,191,121,0,0,0,0,0,0,43,6
Julius Brents,23,IND,CB,9,8,1,52,34,471,2,99.1,11.5,368,103,0,0,0,0,0,0,43,5
Kei'Trel Clark,22,ARI,CB,14,7,0,41,30,332,2,113.1,11.8,263,69,1,0,0,0,0,0,43,1
Jadeveon Clowney,30,BAL,OLB,17,15,0,2,2,1,0,79.2,-4,-8,9,7,4,9,3,9.5,23,43,5
Jonathan Harris,27,DEN,DL,17,5,0,1,1,21,0,118.7,-6,-6,27,0,0,2,0,1,3,43,0
Trey Hendrickson,29,CIN,DE,17,17,0,2,2,23,0,114.6,5,10,13,3,8,7,2,17.5,35,43,7
Jordan Howden,23,NOR,DB,16,7,0,27,16,230,1,99.3,12.4,169,61,12,0,1,0,1,2,43,5
Cameron Jordan,34,NOR,DE,17,17,0,5,4,42,0,101.7,-2,-13,55,2,12,3,3,2,18,43,4
Malcolm Koonce,25,LVR,DE,17,11,0,2,2,9,0,85.4,-1.5,-3,12,3,7,8,0,8,23,43,2
Larry Ogunjobi,29,PIT,DT,17,17,0,5,4,49,0,107.5,-2.2,-9,58,0,3,5,2,3,11,43,1
Marcus Peters,30,LVR,RCB,12,12,1,65,42,562,3,100.9,6.7,252,310,1,0,0,0,0,0,43,12
Jaelan Phillips,24,MIA,LB,8,6,1,4,4,29,0,57.3,-2.5,-10,39,8,6,4,1,6.5,17,43,1
Joey Porter Jr.,23,PIT,CB,17,11,1,63,30,449,1,70.1,11.6,316,133,1,0,0,0,0,0,43,3
Josh Sweat,26,PHI,DE,17,17,0,4,4,9,0,79.2,-2.3,-9,18,15,14,16,1,6.5,37,43,4
Ambry Thomas,24,SFO,CB,15,6,1,57,40,371,3,97.9,10.3,283,88,0,0,0,0,0,0,43,3
Shy Tuttle,28,CAR,DT,17,17,0,0,0,0,0,,,0,0,0,0,0,5,0.5,1,43,6
Vita Vea,28,TAM,NT,15,15,0,2,1,18,0,81.2,-2,-4,22,0,4,3,1,5.5,13,43,2
Bryan Cook,24,KAN,S,12,12,1,24,16,291,4,130.4,15.5,200,91,0,0,0,0,0,0,42,6
Myles Garrett,28,CLE,DE,16,16,0,1,0,0,0,39.6,-4,0,0,0,6,16,3,14,37,42,4
John Johnson,28,LAR,DB,17,8,2,26,16,213,2,81.1,12.8,157,56,5,1,0,0,0,1,42,2
Roy Lopez,26,ARI,DT,14,5,0,0,0,0,0,,,0,0,0,4,1,0,0,5,42,2
Patrick Peterson,33,PIT,LCB,17,16,2,64,38,494,4,91.5,10.3,309,185,6,0,0,0,0,0,42,11
Michael Pierce,31,BAL,NT,17,17,0,1,1,6,0,91.7,-4,-4,10,1,1,2,2,1,4,42,1
Duke Riley,29,MIA,LB,17,5,0,23,18,166,1,111.2,1.7,46,120,16,1,1,0,0.5,3,42,7
Gregory Rousseau,23,BUF,DE,16,16,0,4,3,8,0,77.1,1.3,-5,13,0,7,12,2,5,25,42,2
Milton Williams,24,PHI,DT,16,10,0,0,0,0,0,,,0,0,0,6,6,0,0.5,13,42,3
Kwon Alexander,29,PIT,LB,9,2,1,26,20,163,0,76.3,4.9,93,70,28,0,1,0,1,2,41,6
DeAundre Alford,26,ATL,CB,16,5,0,62,39,401,3,97.6,7.5,190,211,11,2,0,0,0,2,41,3
Mekhi Blackmon,24,MIN,CB,15,3,1,52,32,295,2,81.8,10.5,184,111,0,0,0,0,0,0,41,2
Maliek Collins,28,HOU,DT,16,16,0,0,0,0,0,,,0,0,0,11,10,1,5,28,41,3
Zaven Collins,24,ARI,LB,17,17,1,9,6,50,0,41.2,0.1,-5,55,22,6,2,0,3.5,12,41,2
Grover Stewart,30,IND,DT,11,11,0,2,2,48,0,118.7,-4,-8,56,0,1,4,0,0.5,6,41,1
Antonio Hamilton,30,ARI,CB,14,9,1,49,29,323,3,90.8,10.3,192,131,4,0,0,0,0,0,40,3
DeMarcco Hellams,23,ATL,S,15,4,0,19,13,115,0,84.3,6.9,63,52,2,1,0,0,0,1,40,3
DeAndre Houston-Carson,30,HOU,DB,11,5,2,20,12,149,1,60.2,12.7,102,47,0,0,0,0,0,0,40,5
Dean Marlowe,31,LAC,FS,16,4,0,18,16,197,1,130.8,8.9,121,76,0,0,0,0,1,1,40,3
Anthony Nelson,26,TAM,OLB,16,0,0,8,7,39,0,87,2.3,14,25,15,2,3,1,3,8,40,0
Nick Niemann,26,LAC,LB,17,3,0,14,10,63,0,80.4,2.1,1,62,12,0,1,0,0,1,40,2
BJ Ojulari,21,ARI,OLB,17,0,0,8,8,54,0,94.8,1.5,12,42,13,2,2,1,4,8,40,0
Dorian Williams,22,BUF,LB,17,2,0,24,18,180,0,95.8,2.6,42,138,11,0,2,0,0,2,40,3
Nick Cross,22,IND,S,17,2,1,10,5,61,0,29.6,16.5,58,3,5,0,0,0,0,0,39,2
Bud Dupree,30,ATL,OLB,16,16,0,6,5,48,0,100,-0.3,-7,55,33,13,3,2,6.5,24,39,4
Cobie Durant,25,LAR,DB,16,9,0,39,21,331,1,90.9,10.6,242,89,11,0,2,0,0,2,39,6
C.J. Henderson,25,CAR,CB,12,7,0,37,27,310,1,106.8,10.2,196,114,4,0,0,0,1,1,39,4
Dane Jackson,27,BUF,CB,15,6,0,35,26,303,1,109.6,10.4,216,87,1,0,0,0,0,0,39,8
Derek Stingley Jr.,22,HOU,CB,11,11,5,48,23,288,2,41.3,15.9,225,63,0,0,0,0,0,0,39,4
Shaquill Griffin,28,2TM,CB,13,7,1,43,26,306,0,72.4,11.4,229,77,1,0,0,0,0,0,39,3
Shaquill Griffin,28,HOU,RCB,10,6,1,36,23,239,0,71.4,10.6,175,64,0,0,0,0,0,0,33,3
Shaquill Griffin,28,CAR,CB,3,1,0,7,3,67,0,77.7,15.4,54,13,1,0,0,0,0,0,6,0
Dorance Armstrong Jr.,26,DAL,DE,17,1,0,3,3,16,0,88.9,-4.7,-12,28,0,3,3,1,7.5,15,38,1
YaYa Diaby,24,TAM,OLB,17,7,0,8,7,40,0,87.5,1.1,14,26,21,4,2,0,7.5,14,38,3
Emmanuel Forbes,22,WAS,CB,14,6,1,61,37,598,3,103,11.8,403,195,0,0,0,0,0,0,38,7
Derick Hall,22,SEA,OLB,17,0,0,4,4,33,0,101,4.5,18,15,5,1,4,1,0,5,38,3
Dayo Odeyingbo,24,IND,DE,17,1,0,1,0,0,0,39.6,-11,0,0,4,5,7,2,8,22,38,1
Haason Reddick,29,PHI,OLB,17,17,0,12,11,68,0,90.3,1.7,16,52,40,11,12,0,11,35,38,5
Malcolm Roach,25,NOR,DL,12,0,0,0,0,0,0,,,0,0,0,0,1,3,0,1,38,2
Starling Thomas,23,ARI,CB,12,7,0,49,37,376,5,131,9.4,284,92,1,0,0,0,0,0,38,2
Levi Wallace,28,PIT,CB,16,9,2,75,40,569,6,93.7,13,395,174,0,0,0,0,0,0,38,6
Devin Bush Jr.,25,SEA,LB,13,3,0,15,11,78,0,84.9,1.9,25,53,5,0,0,0,0,0,37,2
Ashtyn Davis,27,NYJ,S,17,5,3,21,12,117,0,33.3,7,19,98,2,0,0,1,0,0,37,4
Kingsley Enagbare,23,GNB,LB,17,4,0,3,1,-2,0,42.4,-5.3,-6,4,51,5,4,0,2,11,37,3
Eddie Jackson,30,CHI,FS,12,12,1,30,18,353,3,120.6,19.3,273,80,1,0,0,0,0,0,37,8
Arthur Maulet,30,BAL,CB,14,3,1,49,27,309,0,65.8,7.4,126,183,10,0,1,0,2,3,37,8
Marcus Maye,30,NOR,SS,7,7,2,13,10,129,0,67.9,7.5,80,49,6,1,0,0,1,2,37,2
Sheldon Rankins,29,HOU,DT,15,15,0,3,3,-2,0,79.2,-5,-15,13,0,3,3,0,6,12,37,5
Mack Wilson,25,NWE,LB,17,1,0,12,9,97,0,98.3,4.7,43,54,30,6,1,2,3.5,11,37,2
Isaac Yiadom,27,NOR,CB,17,8,1,47,23,323,3,83.9,11.8,162,161,3,1,0,0,0,1,37,6
Jack Jones,26,2TM,CB,12,3,2,43,27,332,1,75,8.5,176,156,1,0,1,0,0,1,37,4
Jack Jones,26,NWE,CB,5,0,0,11,9,104,0,106.1,10,77,27,1,0,1,0,0,1,12,1
Jack Jones,26,LVR,CB,7,3,2,32,18,228,1,63,8,99,129,0,0,0,0,0,0,25,3
Keeanu Benton,22,PIT,DL,17,9,0,0,0,0,0,,,0,0,0,2,6,2,1,9,36,3
John Cominsky,28,DET,DL,16,11,0,2,1,9,0,62.5,2,8,1,0,4,6,1,2,12,36,3
Chamarri Conner,23,KAN,DB,17,7,1,20,17,173,0,81.9,8,101,72,12,2,0,0,0,2,36,3
Cordale Flott,22,NYG,CB,14,7,1,57,34,440,3,94.2,8.2,165,275,11,1,0,0,0,1,36,6
Yetur Gross-Matos,25,CAR,DE,12,6,0,2,2,17,0,102.1,1.5,3,14,10,1,5,0,4.5,11,36,1
Jaylon Johnson,24,CHI,DB,14,14,4,58,32,279,2,50.9,8.7,168,111,1,0,0,0,0,0,36,8
Travis Jones,24,BAL,DT,17,0,0,1,1,6,0,91.7,-5,-5,11,0,0,2,1,1.5,4,36,6
Devonte Wyatt,25,GNB,DL,17,5,0,0,0,0,0,,,0,0,0,5,4,0,5.5,16,36,7
Darrell Baker,25,IND,CB,14,6,0,50,33,513,2,113.2,11.1,343,170,0,1,0,0,0,1,35,10
Ji'Ayir Brown,23,SFO,S,15,5,2,16,10,165,1,78.4,11.6,66,99,6,1,0,0,0,1,35,4
Lorenzo Carter,28,ATL,OLB,17,1,0,3,2,9,0,70.1,2,0,9,8,2,6,0,3,11,35,3
Tre Hawkins,23,NYG,CB,17,3,0,30,25,403,4,158.3,11.4,259,144,0,0,0,0,0,0,35,5
Elijah Hicks,24,CHI,DB,17,6,0,19,12,139,4,124.8,10.6,85,54,2,0,0,0,0,0,35,6
Deion Jones,29,CAR,LB,13,3,1,24,13,81,0,43.9,3.6,29,52,15,0,0,0,1,1,35,5
Damarri Mathis,24,DEN,CB,17,6,0,39,29,362,3,128.4,10.2,275,87,3,0,0,0,0,0,35,7
Montaric Brown,24,JAX,CB,12,6,0,56,37,450,3,108.5,9.9,287,163,1,0,0,0,0,0,34,9
Tre Brown,26,SEA,CB,15,7,2,46,30,411,2,90,11.2,279,132,3,0,0,0,1,1,34,6
Tony Fields,24,CLE,LB,17,4,0,11,8,51,0,82,-2.2,-14,65,10,0,0,0,0,0,34,2
Michael Jackson,26,SEA,CB,17,4,0,37,26,306,0,95.1,9.6,221,85,2,0,0,0,0,0,34,4
Quinton Jefferson,30,NYJ,DL,14,14,0,2,2,10,0,87.5,-3.5,-7,17,0,5,5,0,6,18,34,1
D.J. Reader,29,CIN,DT,14,14,0,0,0,0,0,,,0,0,0,3,6,1,1,10,34,1
Roy Robertson-Harris,30,JAX,DL,17,17,0,2,1,8,0,60.4,3,6,2,0,4,6,1,3.5,14,34,4
Rodney Thomas II,25,IND,S,17,15,2,27,17,324,3,110.7,17,257,67,2,0,0,0,0,0,34,7
Delarrin Turner-Yell,24,DEN,S,16,2,0,12,11,222,2,158.3,13.4,155,67,1,0,1,0,0,1,34,2
Denzel Ward,26,CLE,CB,13,11,2,66,32,338,1,56.2,10.5,187,151,2,0,0,0,0,0,34,8
Tre Avery,26,TEN,CB,15,2,0,44,33,347,5,135.3,8.8,248,99,1,0,0,0,0,0,33,2
Dane Belton,23,NYG,S,17,2,2,20,14,146,2,84.6,6.4,88,58,12,0,1,0,1,2,33,4
Jalen Carter,22,PHI,DT,16,1,0,1,1,6,0,91.7,-4,-4,10,0,9,2,0,6,18,33,3
Fletcher Cox,33,PHI,LDT,15,15,0,4,3,7,0,77.1,-4.3,-15,22,0,13,8,3,5,28,33,3
John Franklin-Myers,27,NYJ,DL,17,17,0,2,1,-2,0,56.2,-4.5,-4,2,0,14,9,3,3.5,27,33,6
Zach Harrison,22,ATL,DL,16,0,0,0,0,0,0,,,0,0,0,5,1,1,3,9,33,2
Cameron Heyward,34,PIT,DT,11,11,0,0,0,0,0,,,0,0,0,3,0,1,2,5,33,3
Ifeatu Melifonwu,24,DET,S,17,6,2,28,15,137,2,61.2,8.6,80,57,13,0,2,1,3,5,33,4
Mykal Walker,26,PIT,LB,8,5,1,26,19,260,4,128.2,4.8,78,182,12,0,0,0,0,0,33,4
Jaylen Watson,25,KAN,CB,16,2,0,48,27,310,4,103.6,10.4,193,117,7,0,0,0,2,2,33,2
DeShawn Williams,31,CAR,DT,16,10,0,0,0,0,0,,,0,0,1,2,6,1,1,9,33,3
Jakorian Bennett,23,LVR,CB,14,4,0,38,26,316,1,102.5,12.2,184,132,0,0,0,0,0,0,32,7
Khalil Davis,27,HOU,DT,15,1,0,0,0,0,0,,,0,0,0,3,5,1,2,10,32,1
Victor Dimukeje,24,ARI,OLB,16,6,0,4,3,16,0,81.2,8.3,12,4,9,3,3,0,4,11,32,0
Leonard Floyd,31,BUF,RDE,17,16,0,6,5,43,0,96.5,0.2,5,38,6,6,7,1,10.5,25,32,4
Jerry Hughes,35,HOU,DE,17,2,0,1,1,10,0,108.3,-3,-3,13,5,6,0,0,3,9,32,5
Patrick Jones II,25,MIN,OLB,17,4,0,4,2,24,0,68.7,-1,0,24,22,8,5,0,1,14,32,2
Alim McNeill,23,DET,DL,13,13,0,0,0,0,0,,,0,0,1,3,5,1,5,13,32,4
Ja'Sir Taylor,24,LAC,DB,16,6,1,49,31,401,0,80.4,9.8,256,145,14,2,1,0,0,3,32,5
Lukas Van Ness,22,GNB,LB,17,0,0,1,1,0,0,79.2,-2,-2,2,16,2,6,1,4,12,32,1
Nick Williams,33,LAC,DL,14,6,0,1,1,-1,0,79.2,-4,-4,3,1,2,0,0,1,3,32,3
Bobby Brown,23,LAR,NT,13,13,0,0,0,0,0,,,0,0,0,1,0,1,0.5,2,31,2
Sebastian Joseph-Day,28,LAC,LDE/RDE,14,14,0,0,0,0,0,,,0,0,2,1,7,0,3,11,31,2
Ogbonnia Okoronkwo,28,CLE,DE,14,0,0,5,5,44,0,103.3,-4.4,-22,66,3,4,3,1,4.5,12,31,2
John Ridgeway,24,WAS,DT,17,2,0,1,1,11,0,112.5,5,5,6,0,0,0,1,0,0,31,1
Solomon Thomas,28,NYJ,DL,17,3,0,0,0,0,0,,,0,0,0,2,0,1,5,8,31,2
Nick Thurman,28,CAR,DE,17,0,0,0,0,0,0,,,0,0,0,1,1,0,0,2,31,3
Jerry Tillery,27,LVR,RDE,17,6,0,0,0,0,0,,,0,0,0,3,4,0,2,9,31,2
Eric Wilson,29,GNB,LB,17,0,0,13,11,96,0,97.4,4.5,47,49,9,0,1,0,0,1,31,2
Zack Baun,27,NOR,RLB,17,6,1,11,10,86,2,100.9,3.2,24,62,25,4,2,1,2,8,30,3
Nik Bonitto,24,DEN,OLB,15,4,0,5,3,38,0,83.7,0.8,0,38,23,5,10,2,8,24,30,4
Andre Chachere,27,ARI,CB,17,5,0,18,9,214,2,130.3,12.4,168,46,5,1,0,0,0,1,30,2
Jeremy Chinn,25,CAR,S,12,8,0,14,9,126,2,132.7,5.9,32,94,11,1,0,1,1,2,30,3
Nakobe Dean,23,PHI,LB,5,4,0,14,11,87,0,92.6,2.4,42,45,6,0,0,0,0.5,1,30,1
Sam Franklin,27,CAR,S,17,4,1,16,10,133,3,102.3,13.6,95,38,0,0,0,0,0,0,30,5
Chris Jones,29,KAN,DT,16,16,0,2,2,22,0,112.5,-4.5,-9,31,0,10,17,3,10.5,39,30,4
Arden Key,27,TEN,OLB,17,9,0,3,3,14,0,86.1,-1,-3,17,23,7,5,2,6,19,30,1
Matt Milano,29,BUF,LB,5,5,2,13,8,78,0,38.8,4.1,43,35,8,0,1,0,0,1,30,5
Mark Robinson,24,PIT,LB,17,2,0,7,5,59,1,136.3,4.3,41,18,7,0,0,0,1,1,30,1
Kyle Van Noy,32,BAL,OLB,14,3,0,6,2,-4,0,42.4,-3,-11,7,10,1,2,2,9,12,30,4
Leighton Vander Esch,26,DAL,LB,5,5,0,13,9,69,1,107.5,0.2,3,66,18,0,0,0,0,0,30,1
DeMarcus Walker,29,CHI,DL,17,12,0,1,1,5,0,87.5,-3,-3,8,2,5,12,0,3.5,22,30,3
K.J. Britt,24,TAM,LB,16,4,0,7,4,20,0,62.2,3.9,8,12,11,0,0,0,0,0,29,0
Darrick Forrest,24,WAS,S,5,5,0,17,8,219,2,132.6,14.2,142,77,5,0,0,0,0,0,29,6
Bryce Huff,25,NYJ,LB,17,0,0,1,0,0,0,39.6,-3,0,0,19,12,10,0,10,33,29,4
Rodney McLeod,33,CLE,S,10,5,0,12,4,67,0,53.1,7.8,37,30,3,0,0,0,0,0,29,8
Derrick Nnadi,27,KAN,DT,17,17,0,1,1,8,0,100,-3,-3,11,0,4,0,1,1,5,29,4
Eric Rowe,31,PIT,S,3,3,1,21,15,153,0,72.1,7.1,83,70,1,0,0,0,0,0,29,1
Cameron Sample,24,CIN,DE,17,2,0,1,1,7,0,95.8,5,5,2,0,6,6,1,1.5,14,29,0
Tyree Wilson,23,LVR,DE,17,0,0,2,2,6,0,79.2,-2.5,-5,11,3,3,4,0,3.5,11,29,4
D'Anthony Bell,27,CLE,S,17,4,2,18,9,86,0,24.1,10.3,69,17,10,0,1,0,0,1,28,3
Adam Butler,29,LVR,DT,17,0,0,1,0,0,0,39.6,-4,0,0,0,1,4,2,5,10,28,2
Jack Cochrane,24,KAN,LB,17,1,0,10,7,37,0,75.8,-1.1,-17,54,10,0,0,0,0,0,28,1
Ronald Darby,29,BAL,LCB,16,7,0,43,19,172,1,63.3,11.9,118,54,0,0,0,0,0,0,28,3
Raekwon Davis,26,MIA,DT,17,7,0,1,1,7,0,95.8,-3,-3,10,0,3,5,0,0.5,9,28,1
Clelin Ferrell,26,SFO,DL,17,17,0,0,0,0,0,,,0,0,3,3,7,1,3.5,14,28,1
Mike Ford,28,CLE,LB,16,1,1,22,14,160,5,106.1,9.4,103,57,3,0,0,0,0,0,28,1
Leki Fotu,25,ARI,DT,11,9,0,0,0,0,0,,,0,0,1,0,0,0,2.5,3,28,1
Shelby Harris,32,CLE,DT,17,7,0,1,0,0,0,39.6,-9,0,0,0,4,3,4,1.5,9,28,1
Deane Leonard,24,LAC,DB,11,3,0,26,16,158,1,91.5,13.7,93,65,1,0,0,0,0,0,28,2
Nick McCloud,25,NYG,CB,17,3,1,23,14,128,1,72.4,13.4,77,51,2,0,0,0,0,0,28,1
Charles Omenihu,26,KAN,DE,11,1,0,2,1,10,0,64.6,-1.5,-3,13,0,2,2,2,7,12,28,1
Darrell Taylor,26,SEA,LB,17,5,0,3,2,33,0,103.5,6,21,12,12,9,2,1,5.5,17,28,5
Dalvin Tomlinson,29,CLE,DT,16,16,0,1,1,6,0,91.7,0,0,6,0,2,8,0,3,14,28,3
J.C. Jackson,28,2TM,RCB,10,8,1,64,35,512,5,100.5,14.2,379,133,2,0,0,0,0,0,28,3
J.C. Jackson,28,LAC,CB,2,2,1,13,6,118,1,72,15.5,76,42,0,0,0,0,0,0,3,1
J.C. Jackson,28,NWE,RCB,8,6,0,51,29,394,4,107.8,13.8,303,91,2,0,0,0,0,0,25,2
Adrian Amos,30,2TM,S,16,3,0,17,10,153,1,108.2,8.1,95,58,1,0,0,0,0,0,28,2
Adrian Amos,30,NYJ,DB,11,3,0,12,7,94,0,83.3,7,48,46,0,0,0,0,0,0,23,1
Adrian Amos,30,HOU,S,5,0,0,5,3,59,1,140.8,10.8,47,12,1,0,0,0,0,0,5,1
Jaire Alexander,26,GNB,CB,7,7,0,33,22,282,2,113.4,11,207,75,1,0,0,0,0,0,27,5
Arik Armstead,30,SFO,LDT,12,12,0,1,1,4,0,83.3,-4,-4,8,0,4,5,0,5,16,27,0
Andrew Billings,28,CHI,DL,17,17,0,3,1,3,0,42.4,-1.3,-1,4,0,1,2,0,0,3,27,3
Micheal Clemons,26,NYJ,DL,16,1,0,0,0,0,0,,,0,0,1,2,0,0,0.5,3,27,4
Johnathan Hankins,31,DAL,DT,14,14,0,1,1,0,0,79.2,-3,-3,3,0,0,0,2,3,3,27,1
Nick Herbig,22,PIT,LB,17,0,0,4,4,39,0,107.3,0.5,2,37,7,0,0,0,3,3,27,4
Jaycee Horn,24,CAR,CB,6,6,0,31,18,170,1,84.1,10.7,108,62,0,0,0,0,0,0,27,2
Luke Masterson,25,LVR,LB,16,1,0,19,14,154,0,97.3,4.1,67,87,2,0,0,0,0,0,27,3
Clark Phillips,22,ATL,CB,11,5,0,36,18,229,2,88.8,11.1,155,74,2,0,1,0,0,1,27,3
Za'Darius Smith,31,CLE,DE,16,16,0,3,2,15,0,78.5,-3.7,-11,26,4,9,14,2,5.5,29,27,7
Johnathan Abram,27,NOR,S,9,3,1,13,9,112,1,89.3,7.2,35,77,4,0,0,0,0,0,26,3
Adam Gotsis,31,JAX,DL,17,7,0,2,2,9,0,85.4,-2,-4,13,0,6,5,4,1,12,26,4
Marlon Humphrey,27,BAL,CB,10,10,1,45,21,275,1,64.6,11.5,203,72,3,0,1,0,0,1,26,2
Benito Jones,26,DET,DL,17,15,0,1,1,4,0,83.3,-3,-3,7,0,2,4,0,1,7,26,3
Calijah Kancey,22,TAM,DL,14,14,0,1,1,-1,0,79.2,-1,-1,0,0,3,6,1,4,13,26,1
Miles Killebrew,30,PIT,DB,17,1,0,14,10,86,0,87.2,5.5,57,29,5,0,1,0,0,1,26,0
Rakeem Nunez-Roches,30,NYG,DL,16,4,0,2,2,-12,0,79.2,-10,-20,8,0,2,0,0,0.5,3,26,2
Segun Olubi,24,IND,LB,15,2,1,3,3,13,0,45.1,9.7,10,3,0,0,0,0,0,0,26,3
Monty Rice,24,TEN,LB,12,0,0,3,2,1,0,70.1,7.7,-2,3,3,1,1,0,0,2,26,2
Tavius Robinson,24,BAL,OLB,17,1,0,3,2,10,0,71.5,4,4,6,0,1,0,0,1,2,26,2
Casey Toohill,27,WAS,DE,16,8,0,4,4,21,0,88.5,0.8,3,18,0,1,2,1,5,8,26,2
Keion White,24,NWE,DE,16,4,0,1,1,-8,0,79.2,-4,-4,-4,0,9,3,3,1,13,26,3
Sam Williams,24,DAL,DE,17,0,0,2,2,8,0,83.3,-2.5,-5,13,11,2,3,0,4.5,10,26,0
Baron Browning,24,DEN,OLB,10,9,0,6,4,17,0,70.1,1.8,6,11,26,3,2,2,4.5,10,25,3
Terrell Burgess,25,WAS,S,12,1,0,8,8,102,1,158.3,6.4,51,51,0,0,0,0,0,0,25,1
Dee Delaney,28,TAM,DB,17,2,2,33,16,217,1,54.7,13,122,95,0,0,0,0,0,0,25,5
Arnold Ebiketie,24,ATL,OLB,17,6,0,14,10,69,1,106,4.5,33,36,27,5,4,1,6,16,25,2
Chauncey Golston,25,DAL,DE,17,3,0,1,1,9,0,104.2,-6,-6,15,1,2,2,0,1.5,6,25,1
Ronnie Hickman,22,CLE,S,10,4,1,11,5,10,1,44.9,9.9,0,10,2,1,0,0,0,1,25,2
Javon Kinlaw,26,SFO,DT,17,6,0,2,1,11,0,66.7,-6.5,-7,18,0,3,2,2,3.5,9,25,1
Tyquan Lewis,28,IND,DE,17,0,0,2,0,0,0,39.6,-1.5,0,0,0,2,6,2,4,13,25,1
Josh Paschal,24,DET,DL,12,4,0,1,1,-5,0,79.2,-8,-8,3,1,2,2,1,1,5,25,3
Mike Purcell,32,DEN,DL,16,10,0,0,0,0,0,,,0,0,0,0,4,2,0,4,25,2
Alex Wright,23,CLE,DE,16,1,0,3,3,24,0,100,1.3,4,20,1,2,1,2,5,8,25,2
Chase Young,24,2TM,DL,16,6,0,1,1,-4,0,79.2,-5,-5,1,1,9,6,2,7.5,25,25,3
Chase Young,24,WAS,RDE,7,6,0,1,1,-4,0,79.2,-5,-5,1,1,9,3,1,5,18,15,2
Chase Young,24,SFO,DL,9,0,0,0,0,0,0,,,0,0,0,0,3,1,2.5,7,10,1
Montravius Adams,28,PIT,DT,13,8,0,1,1,1,0,79.2,-3,-3,4,1,3,0,1,0,3,24,0
Bryan Bresee,22,NOR,DT,17,0,0,2,2,15,0,97.9,3.5,7,8,0,5,3,6,4.5,13,24,0
Folorunso Fatukasi,28,JAX,NT,16,16,0,0,0,0,0,,,0,0,0,2,2,1,0,4,24,1
Greg Gaines,27,TAM,DL,17,2,0,1,0,0,0,39.6,-2,0,0,0,1,4,0,1,6,24,2
Anthony Johnson,24,GNB,S,12,4,1,13,8,142,0,66.8,11.2,90,52,0,0,0,0,0,0,24,8
Jaleel Johnson,29,TEN,DT,12,4,0,1,0,0,0,39.6,-3,0,0,0,0,0,0,1,1,24,0
Jeremiah Ledbetter,29,JAX,DL,17,2,0,3,2,9,0,70.1,-1,-10,19,0,2,1,1,0,3,24,4
Del'Shawn Phillips,27,BAL,LB,17,1,0,7,6,30,0,84.5,-0.6,-2,32,0,0,0,0,0,0,24,3
Drew Sanders,22,DEN,LB,17,4,0,13,11,126,1,132.7,0.4,4,122,12,1,1,0,0,2,24,6
Jihad Ward,29,NYG,OLB,17,9,0,2,2,28,0,118.7,1.5,3,25,78,5,4,0,5,15,24,4
Artie Burns,28,SEA,CB,14,1,0,20,13,159,0,89.4,5,53,106,4,0,0,1,0,0,23,3
Zachary Carter,24,CIN,DT,17,5,0,3,3,12,0,83.3,-3.7,-11,23,0,1,2,1,0,3,23,1
Ta'Quon Graham,25,ATL,DL,15,2,0,0,0,0,0,,,0,0,0,0,1,0,1,2,23,1
Grady Jarrett,30,ATL,DL,8,8,0,0,0,0,0,,,0,0,0,2,6,2,1.5,10,23,2
Jaylon Jones,26,CHI,DB,17,0,0,15,12,105,0,95.8,6.2,79,26,3,1,1,0,0,2,23,2
Odafe Oweh,25,BAL,OLB,13,5,0,4,4,50,0,118.7,1.3,5,45,1,2,8,0,5,15,23,3
Troy Reeder,29,LAR,LB,17,6,0,9,8,107,1,153.2,7.2,67,40,8,0,0,0,0,0,23,3
Shaun Wade,25,NWE,CB,14,6,0,34,22,244,0,85.9,9.9,165,79,0,0,0,0,0,0,23,2
Garrett Williams,22,ARI,CB,9,6,1,27,18,162,1,79.6,6.9,67,95,1,0,0,0,0,0,23,1
Taven Bryan,27,IND,DT,17,7,0,0,0,0,0,,,0,0,0,2,0,0,2,4,22,0
Eric Garror,23,TEN,DB,12,4,0,32,15,129,1,68.4,9.5,90,39,1,0,1,0,0,1,22,2
Kevin Givens,26,SFO,DL,17,1,0,3,3,6,0,79.2,-4,-12,18,0,0,2,1,1.5,4,22,2
Logan Hall,23,TAM,DL,16,13,0,0,0,0,0,,,0,0,0,1,0,1,0.5,2,22,2
Kurt Hinish,24,HOU,DT,17,1,0,1,1,10,0,108.3,-2,-2,12,0,1,1,0,0.5,3,22,6
Albert Huggins,26,ATL,DL,13,5,0,1,1,1,0,79.2,-3,-3,4,0,0,1,0,0,1,22,0
Maurice Hurst Jr.,28,CLE,DT,13,0,1,3,1,7,0,2.8,2.3,0,7,0,2,3,1,1.5,7,22,2
Josh Jobe,25,PHI,CB,17,3,0,26,14,176,1,88,12.7,126,50,1,0,0,0,0,0,22,2
Yannick Ngakoue,28,CHI,DL,13,13,0,1,1,6,1,131.2,-2,-2,8,3,4,3,0,4,11,22,4
Kyle Peko,30,TEN,DT,13,10,0,1,1,-3,0,79.2,-7,-7,4,0,2,2,0,0,4,22,3
Jalen Ramsey,29,MIA,CB,10,10,3,39,21,259,1,51.1,12.3,178,81,2,0,0,0,0,0,22,3
Bradley Roby,31,PHI,CB,9,2,0,33,20,189,0,76.5,7.9,84,105,5,0,1,0,0,1,22,7
James Smith-Williams,26,WAS,DE,13,7,0,3,3,-3,0,79.2,-4,-12,9,1,1,7,0,1,9,22,3
M.J. Stewart,28,HOU,S,8,1,0,13,8,65,0,74.2,7.1,49,16,4,0,1,0,0,1,22,2
Chandon Sullivan,27,PIT,CB,17,2,1,28,17,145,0,59.4,5.9,111,34,34,3,0,2,0,3,22,4
Cameron Thomas,23,ARI,OLB,15,3,0,0,0,0,0,,,0,0,0,3,1,1,0,4,22,2
Juanyeh Thomas,23,DAL,S,16,1,0,16,10,107,1,102.9,3.3,15,92,1,0,0,0,0,0,22,3
Trenton Thompson,26,PIT,DB,6,1,1,13,8,79,0,46.6,6.2,15,64,3,1,0,0,0,1,22,5
Marlon Tuipulotu,24,PHI,DT,14,0,0,1,1,1,0,79.2,-4,-4,5,0,1,0,0,2,3,22,1
Brent Urban,32,BAL,DE,17,3,0,2,1,5,0,56.2,5,-1,6,0,2,2,2,3,7,22,0
Derek Barnett,27,2TM,DE,14,4,0,0,0,0,0,,,0,0,2,0,8,0,2.5,11,22,2
Derek Barnett,27,PHI,DE,8,0,0,0,0,0,0,,,0,0,1,0,0,0,0,0,3,2
Derek Barnett,27,HOU,DE,6,4,0,0,0,0,0,,,0,0,1,0,8,0,2.5,11,19,0
Duron Harmon,32,2TM,S,7,1,1,13,10,87,1,87.7,7.5,61,26,7,0,0,0,1,1,22,0
Duron Harmon,32,CHI,S,3,1,0,3,2,17,0,81.2,4.7,13,4,1,0,0,0,0,0,6,0
Duron Harmon,32,CLE,S,4,0,1,10,8,70,1,89.6,8.3,48,22,6,0,0,0,1,1,16,0
Amare Barno,24,CAR,OLB,15,1,0,1,1,1,0,79.2,0,0,1,3,0,0,0,0,0,21,1
Mario Edwards,29,SEA,DE,15,1,0,2,2,3,0,79.2,-4.5,-9,12,0,0,2,1,2,4,21,3
Jordan Elliott,26,CLE,DT,17,14,0,2,1,6,0,56.2,0,0,6,0,2,0,0,2.5,5,21,2
Christian Elliss,24,PHI,LB,12,1,0,5,3,49,0,92.9,3.4,22,27,8,1,0,0,0,1,21,2
Tre Flowers,28,ATL,CB,17,3,0,14,9,132,2,134.5,12.5,70,62,3,0,0,0,0,0,21,1
Mike Hughes,26,ATL,CB,15,4,0,19,10,104,1,86.3,10.2,65,39,4,0,0,0,0,0,21,2
Theo Jackson,25,MIN,S,15,0,1,15,13,208,1,113.2,8.5,106,102,2,0,1,0,0,1,21,1
Cameron Lewis,26,BUF,CB,17,0,0,15,10,107,0,87.4,7.7,75,32,2,0,0,0,0,0,21,1
Kaevon Merriweather,24,TAM,S,16,2,0,7,4,42,0,74.7,16.4,36,6,2,1,0,0,0,1,21,1
Otito Ogbonnia,23,LAC,DT,8,2,0,0,0,0,0,,,0,0,0,0,2,0,0,2,21,0
Otis Reese,25,TEN,LB,7,3,0,7,6,29,0,83.9,4.4,16,13,1,0,0,0,0,0,21,2
Kelee Ringo,21,PHI,CB,17,4,1,11,7,102,1,86.2,17.1,76,26,1,0,0,0,1,1,21,0
Malcolm Rodriguez,24,DET,LB,17,3,0,11,8,95,0,98.7,4.5,41,54,15,0,0,0,0,0,21,2
Teair Tart,26,TEN,LDT,11,9,0,0,0,0,0,,,0,0,0,1,3,0,1,5,21,1
Tershawn Wharton,25,KAN,DT,17,1,0,1,0,0,0,39.6,-3,0,0,0,1,3,0,2,6,21,0
Essang Bassey,25,2TM,DB,15,2,0,21,14,169,1,107,6,56,113,4,0,0,0,0,0,21,6
Essang Bassey,25,DEN,DB,4,1,0,7,6,39,0,89.9,-0.6,-9,48,0,0,0,0,0,0,8,4
Essang Bassey,25,LAC,CB,11,1,0,14,8,130,1,112.2,9.4,65,65,4,0,0,0,0,0,13,2
Joey Bosa,28,LAC,OLB,9,5,0,0,0,0,0,,,0,0,3,6,2,0,6.5,15,20,1
Karl Brooks,23,GNB,DL,17,0,0,1,1,-3,0,79.2,-4,-4,1,0,4,1,4,4,9,20,1
Gervon Dexter,22,CHI,DL,17,1,0,1,0,0,0,39.6,0,0,0,0,4,9,0,2.5,17,20,2
A.J. Epenesa,25,BUF,DE,15,1,2,3,2,25,0,52.8,6.3,17,8,1,4,3,7,6.5,14,20,4
Markus Golden,32,PIT,LB,16,0,0,2,1,14,0,72.9,-3.5,-7,21,14,0,5,1,4,9,20,0
Tyler Hall,25,LVR,CB,11,3,0,15,13,98,0,93.9,3.7,17,81,6,1,0,0,0,1,20,0
Malik Harrison,25,BAL,LB,14,8,0,5,5,30,0,91.7,0.6,3,27,7,1,1,0,0,2,20,2
Ronnie Harrison,26,IND,LB,7,3,2,5,2,15,0,8.3,10.4,2,13,3,0,0,0,1,1,20,4
Myles Murphy,21,CIN,DE,17,0,0,3,3,54,0,118.7,2,6,48,0,3,0,0,3,6,20,1
Emmanuel Ogbah,30,MIA,NT,15,1,1,0,0,0,0,,,0,0,1,6,2,1,5.5,15,20,4
Zacch Pickens,23,CHI,DL,17,0,0,0,0,0,0,,,0,0,0,1,1,1,0.5,3,20,2
Isaiah Pola-Mao,24,LVR,S,16,0,1,8,6,41,0,46.4,9.6,28,13,0,0,0,0,1,1,20,3
Jalen Reeves-Maybin,28,DET,LB,17,0,0,8,5,68,0,89.6,5.1,39,29,14,0,1,1,1,2,20,2
Zeke Turner,27,ARI,LB,16,1,0,2,2,17,0,102.1,3.5,7,10,0,0,0,0,0,0,20,0
Rashad Weaver,26,TEN,OLB,15,0,0,1,1,13,0,118.7,0,0,13,0,2,0,0,0,2,20,2
Randy Gregory,31,2TM,LB,16,3,0,5,4,34,0,95,1.2,-3,37,7,3,6,1,3.5,13,20,1
Randy Gregory,31,DEN,LB,4,3,0,0,0,0,0,,,0,0,3,0,1,1,1,2,9,0
Randy Gregory,31,SFO,LB,12,0,0,5,4,34,0,95,1.2,-3,37,4,3,5,0,2.5,11,11,1
Troy Andersen,24,ATL,LB,2,2,0,9,7,49,0,89.4,2.6,13,36,8,0,0,0,0.5,1,19,4
Justin Bethel,33,MIA,CB,17,1,0,10,9,80,3,139.6,7.8,50,30,4,0,0,0,0.5,1,19,1
Demetrius Flannigan-Fowles,27,SFO,LB,16,1,0,4,2,38,0,83.3,7.3,18,20,2,0,0,0,0,0,19,1
William Gholston,32,TAM,DL,16,1,1,0,0,0,0,,,0,0,0,0,0,1,0,0,19,1
Matt Henningsen,24,DEN,DE,17,0,0,3,3,32,1,150.7,-2,-6,38,0,0,1,2,0,1,19,3
K.J. Henry,24,WAS,DE,10,3,0,1,1,6,0,91.7,-4,-4,10,2,0,0,2,1.5,2,19,1
Tanoh Kpassagnon,29,NOR,DE,17,0,0,0,0,0,0,,,0,0,0,4,5,1,3.5,13,19,1
LaBryan Ray,26,CAR,DT,17,1,0,0,0,0,0,,,0,0,0,0,0,0,0,0,19,1
Eli Ricks,22,PHI,CB,16,0,0,32,17,218,1,85.2,11.3,134,84,0,0,0,0,0,0,19,4
Andre Smith,26,ATL,LB,11,1,0,5,3,21,0,69.6,5.2,13,8,2,0,0,0,0,0,19,0
Greg Stroman,27,CHI,DB,7,1,1,16,14,129,0,74.2,5.4,72,57,11,0,0,0,1,1,19,0
Josh Tupou,29,CIN,DT,14,1,0,0,0,0,0,,,0,0,0,0,1,0,0,1,19,1
David Long,25,2TM,CB,11,2,0,23,17,107,1,97.6,8.1,76,31,0,0,0,0,0,0,19,1
David Long,25,LVR,DB,8,1,0,16,11,77,1,100.3,8.4,51,26,0,0,0,0,0,0,12,0
David Long,25,CAR,CB,3,1,0,7,6,30,0,84.5,7.3,25,5,0,0,0,0,0,0,7,1
Grayland Arnold,26,HOU,S,8,0,0,10,9,62,0,92.5,4.3,26,36,2,0,0,0,0,0,18,2
Coby Bryant,24,SEA,CB,9,2,0,14,13,112,0,100,5.4,60,52,7,1,1,0,0,2,18,4
Will Harris,28,DET,CB,17,2,1,19,15,236,0,96.5,11.6,162,74,6,1,0,0,0,1,18,3
Darnay Holmes,25,NYG,CB,16,0,2,16,12,152,0,64.6,8.8,82,70,0,0,0,0,0,0,18,1
Marte Mapu,24,NWE,LB,17,1,1,15,10,105,1,81.2,7.7,46,59,5,0,0,0,0,0,18,0
Cameron Mitchell,22,CLE,CB,13,3,0,26,18,173,1,100.3,5.6,94,79,8,0,0,0,1,1,18,6
Nolan Smith,22,PHI,LB,17,0,0,1,1,46,0,118.7,32,32,14,10,1,2,0,1,4,18,2
Broderick Washington Jr.,27,BAL,DT,16,5,0,0,0,0,0,,,0,0,0,2,3,0,2,7,18,2
Joshua Williams,24,KAN,CB,16,2,0,29,13,141,2,82.7,12.3,98,43,1,0,0,0,0,0,18,1
Cameron Young,23,SEA,DT,16,1,0,0,0,0,0,,,0,0,0,1,1,1,0,2,18,3
Kentavius Street,27,2TM,DL,13,6,0,0,0,0,0,,,0,0,0,0,0,1,1,1,18,1
Kentavius Street,27,PHI,DT,8,1,0,0,0,0,0,,,0,0,0,0,0,0,0,0,4,1
Kentavius Street,27,ATL,DL,5,5,0,0,0,0,0,,,0,0,0,0,0,1,1,1,14,0
Matthew Adams,28,CLE,LB,17,1,0,2,1,4,0,56.2,2,4,0,7,0,0,0,0,0,17,3
Akeem Davis-Gaither,26,CIN,LB,13,1,0,8,8,41,1,127.6,2,16,25,4,0,0,0,0,0,17,1
Troy Dye,27,MIN,LB,15,2,0,6,5,42,0,95.8,2.7,11,31,14,0,1,0,1,2,17,1
C.J. Gardner-Johnson,26,DET,DB,3,2,1,8,5,81,0,56.8,15,67,14,5,2,0,0,0,2,17,2
Christian Gonzalez,21,NWE,CB,4,4,1,32,22,225,1,86.1,9.8,147,78,3,1,0,0,1,2,17,3
Da'Shawn Hand,28,MIA,DT,16,0,0,1,0,0,0,39.6,-4,0,0,0,2,2,2,1,5,17,1
Josh Hayes,24,TAM,DB,15,0,0,2,1,6,0,56.2,8.5,4,2,0,0,0,0,0,0,17,0
Myles Jack,28,PIT,LB,3,1,0,11,8,93,0,97.9,5.4,54,39,5,0,1,0,1,2,17,2
Antonio Johnson,22,JAX,S,13,3,2,15,11,90,0,48.6,7.9,54,36,7,0,0,0,1,1,17,2
Danny Johnson,28,WAS,CB,13,0,0,22,16,217,3,143.4,7.1,68,149,5,1,0,0,0,1,17,4
Cam Jones,24,KAN,LB,17,1,0,7,6,53,0,98.2,2.9,19,34,7,1,0,0,0,1,17,3
Adrian Phillips,31,NWE,DE,17,1,0,4,4,52,0,118.7,8.3,33,19,7,0,0,0,0,0,17,2
Jon Rhattigan,24,SEA,LB,17,0,0,2,2,21,0,110.4,4,8,13,0,0,0,0,0,0,17,1
Jammie Robinson,22,CAR,S,15,2,0,5,4,35,0,95.8,2,10,25,1,0,0,0,0,0,17,2
Colby Wooden,23,GNB,DL,17,0,0,1,0,0,0,39.6,-1,0,0,0,3,1,0,0.5,5,17,1
Justin Hollins,27,2TM,LB,11,0,0,2,2,18,0,104.2,3,6,12,11,2,0,0,1,3,17,2
Justin Hollins,27,GNB,LB,4,0,0,0,0,0,0,,,0,0,6,1,0,0,0,1,9,0
Justin Hollins,27,LAC,OLB,7,0,0,2,2,18,0,104.2,3,6,12,5,1,0,0,1,2,8,2
Neville Gallimore,26,DAL,DT,17,0,0,0,0,0,0,,,0,0,0,1,1,1,1,3,16,1
Brandon Graham,35,PHI,DE,17,0,0,1,0,0,0,39.6,-7,0,0,3,5,2,1,3,11,16,1
Marquis Haynes,30,CAR,OLB,7,1,0,1,1,20,0,118.7,2,2,18,0,0,1,0,1,2,16,1
Daiyan Henley,24,LAC,LB,15,0,0,7,5,20,0,74.1,-0.6,-8,28,3,0,0,0,0,0,16,0
DJ Johnson,25,CAR,OLB,13,3,0,2,1,14,0,72.9,-4,0,14,12,1,0,1,0,1,16,3
DaQuan Jones,32,BUF,DT,7,7,0,0,0,0,0,,,0,0,0,4,2,0,2.5,9,16,3
Isaiahh Loudermilk,26,PIT,DT,16,0,0,1,1,11,0,112.5,-4,-4,15,1,3,1,1,0,4,16,0
Larrell Murchison,26,LAR,DT,15,3,0,0,0,0,0,,,0,0,1,0,0,0,0,0,16,0
Uchenna Nwosu,27,SEA,LB,6,6,0,0,0,0,0,,,0,0,9,2,4,0,2,8,16,2
Azeez Ojulari,23,NYG,OLB,11,7,0,4,4,39,0,107.3,1.5,6,33,64,8,5,0,2.5,16,16,3
Amari Burney,23,LVR,LB,7,1,0,4,4,34,0,102.1,3,12,22,5,0,0,0,0,0,15,2
Elijah Campbell,28,MIA,DB,15,1,0,9,5,85,0,87.7,18.9,68,17,0,0,0,0,0,0,15,1
Matt Dickerson,28,KAN,DT,12,0,0,2,2,8,0,83.3,-6,-12,20,0,0,0,0,0,0,15,0
Justin Evans,28,PHI,S,4,4,0,14,7,91,2,110.4,12.1,61,30,0,0,0,0,0,0,15,0
Dallis Flowers,26,IND,CB,4,4,0,20,12,123,1,94.4,10.6,99,24,0,0,0,0,0,0,15,3
Morgan Fox,29,LAC,DL,17,4,0,2,1,12,0,68.7,-4,-3,15,2,6,4,0,5.5,16,15,2
Rasheem Green,26,CHI,DL,17,0,0,1,1,15,0,118.7,3,3,12,1,6,0,0,2,8,15,1
Eric Johnson,25,IND,DT,14,0,0,0,0,0,0,,,0,0,0,0,1,0,1,3,15,1
DeMarvin Leal,23,PIT,DE,12,4,0,0,0,0,0,,,0,0,0,0,1,1,1,2,15,1
Scott Matlock,23,LAC,DL,12,0,0,1,1,7,0,95.8,-3,-3,10,0,1,0,0,0,1,15,1
Chad Muma,24,JAX,LB,17,2,0,6,5,59,0,107.6,6,17,42,10,0,0,1,0,0,15,2
Jordan Phillips,31,BUF,DT,14,9,0,1,1,34,0,118.7,-5,-5,39,0,1,3,4,2.5,7,15,4
Nephi Sewell,25,NOR,LB,16,0,0,3,2,0,0,70.1,1.7,-5,5,3,0,0,0,0,0,15,0
Khyiris Tonga,27,MIN,DL,14,2,0,0,0,0,0,,,0,0,0,1,2,0,0,3,15,1
Joshua Uche,25,NWE,LB,15,2,0,2,2,42,0,118.7,0.5,1,41,19,9,3,0,3,15,15,0
Armon Watts,27,PIT,DT,15,0,0,0,0,0,0,,,0,0,0,4,2,0,0.5,7,15,2
Felix Anudike-Uzomah,21,KAN,DE,17,0,0,1,1,10,0,108.3,10,10,0,1,2,6,0,0.5,9,14,1
Nick Bellore,34,SEA,LB,16,0,0,1,0,0,0,39.6,1,0,0,0,0,0,0,0,0,14,0
Dicaprio Bootle,26,CAR,CB,8,2,0,18,13,114,0,88.7,8.8,74,40,1,0,0,0,0,0,14,3
Kaiir Elam,22,BUF,CB,3,2,0,14,10,135,0,101.8,13.9,120,15,2,0,0,0,0,0,14,1
Dean Lowry,29,MIN,DL,9,4,0,2,2,17,0,102.1,-1.5,-3,20,1,1,0,1,0,1,14,1
Will McDonald,24,NYJ,DL,15,0,0,0,0,0,0,,,0,0,0,1,2,0,3,7,14,1
Tim Settle,26,BUF,DT,17,2,0,1,1,-2,0,79.2,-7,-7,5,0,1,1,0,1,3,14,4
Jaylinn Hawkins,26,2TM,S,16,3,0,6,3,35,0,68.1,11.3,26,9,0,0,0,0,0,0,14,1
Jaylinn Hawkins,26,ATL,S,6,0,0,2,1,14,0,72.9,17,14,0,0,0,0,0,0,0,3,0
Jaylinn Hawkins,26,LAC,S,10,3,0,4,2,21,0,65.6,8.5,12,9,0,0,0,0,0,0,11,1
Angelo Blackson,31,JAX,DT,11,0,0,1,1,11,0,112.5,-5,-5,16,0,1,0,0,0,1,13,1
K'Lavon Chaisson,24,JAX,OLB,17,0,0,2,2,18,0,104.2,-2,-4,22,19,2,6,0,2,10,13,0
D.J. Davidson,24,NYG,DL,15,2,0,0,0,0,0,,,0,0,0,0,0,3,0.5,1,13,0
SirVocea Dennis,23,TAM,LB,13,0,0,6,4,65,0,102.8,2.8,18,47,1,0,0,0,0,0,13,1
Dante Fowler,29,DAL,DE,17,0,0,1,1,6,0,91.7,5,5,1,1,5,2,2,4,12,13,0
Charles Harris,28,DET,DL,13,3,0,1,1,21,0,118.7,10,10,11,4,9,3,0,1.5,14,13,1
Dylan Horton,23,HOU,DE,10,0,0,2,2,1,0,79.2,-2,-4,5,0,0,2,0,0,2,13,1
Matt Judon,31,NWE,LB,4,2,0,2,2,9,0,85.4,3.5,7,2,9,2,5,0,4,11,13,1
Shaq Lawson,29,BUF,DE,16,1,0,3,3,39,0,118.7,1.3,4,35,0,3,6,0,1,10,13,2
LaCale London,26,ATL,DL,7,0,0,1,1,8,0,100,-3,-3,11,0,0,0,0,0,0,13,1
Eric Murray,29,HOU,S,6,4,0,4,2,48,1,133.3,22.8,38,10,1,0,0,0,0,0,13,3
Siran Neal,29,BUF,CB,17,0,0,7,4,50,0,79.5,5.1,34,16,3,0,0,0,0,0,13,0
Ronnie Perkins,24,DEN,OLB,7,0,0,4,3,15,0,80.2,-0.8,-3,18,2,1,1,0,0,2,13,2
Logan Ryan,32,SFO,S,5,2,0,3,2,15,0,78.5,5,7,8,0,0,0,0,0,0,13,0
Trenton Simpson,22,BAL,LB,15,0,0,1,1,0,0,79.2,0,0,0,5,0,0,0,1,1,13,0
Mazi Smith,22,DAL,DT,17,3,0,0,0,0,0,,,0,0,1,0,2,0,1,3,13,2
Tre'Vius Tomlinson,23,LAR,DB,15,0,0,6,5,78,1,158.3,17.3,75,3,0,0,0,0,0,0,13,0
Ben VanSumeren,23,PHI,LB,9,1,0,2,2,3,0,79.2,-1.5,-3,6,0,0,0,0,0,0,13,1
Rock Ya-Sin,27,BAL,CB,14,1,0,21,11,177,2,112.6,14,105,72,0,0,0,0,0,0,13,0
Ugo Amadi,26,NOR,S,17,0,0,12,5,81,0,64.9,4.9,32,49,3,0,0,0,0,0,12,1
Isaiah Buggs,27,DET,DT,10,3,0,2,2,4,0,79.2,-0.5,-1,5,0,0,0,1,1,1,12,3
Cam Gill,26,TAM,OLB,15,0,0,1,1,19,0,118.7,-7,-7,26,3,1,0,0,1,2,12,0
DaVon Hamilton,26,JAX,DT,8,2,0,1,1,21,0,118.7,-8,-8,29,0,0,0,0,0,0,12,2
Jake Hansen,25,HOU,LB,14,0,0,6,6,58,0,106.9,2.8,17,41,6,1,0,0,0,1,12,2
D'Marco Jackson,25,NOR,LB,17,0,0,1,1,5,0,87.5,-2,-2,7,1,0,0,0,0,0,12,0
Linval Joseph,35,BUF,DT,7,0,0,0,0,0,0,,,0,0,0,0,1,0,1,2,12,1
Tyler Lacy,24,JAX,DE,15,0,0,0,0,0,0,,,0,0,0,0,3,1,0,3,12,0
Avonte Maddox,27,PHI,CB,4,2,0,18,15,202,0,113.4,6.5,92,110,0,0,0,0,0,0,12,1
Jeremiah Moon,25,BAL,LB,8,1,0,1,1,2,0,79.2,2,2,0,4,0,0,0,0,0,12,0
George Odum,30,SFO,S,11,0,0,2,2,20,0,108.3,8,16,4,0,0,0,0,0,0,12,0
Elijah Riley,25,PIT,S,13,0,0,5,4,64,0,118.7,10.4,39,25,3,1,0,0,1,2,12,3
Dominique Robinson,25,CHI,DL,11,0,0,4,3,10,0,77.1,-2.5,-11,21,1,2,0,1,0.5,3,12,1
Tre'Davious White,28,BUF,CB,4,4,1,18,9,56,2,70.6,4.4,33,23,1,0,1,0,0,1,12,2
Daryl Worley,28,BAL,CB,12,2,0,7,2,15,0,39.6,11.4,9,6,0,0,0,0,0,0,12,0
Boogie Basham,26,NYG,OLB,13,0,0,2,1,9,0,62.5,0.5,2,7,12,0,0,0,0,0,11,1
Alex Cook,24,CAR,S,10,2,0,2,0,0,0,39.6,35.5,0,0,1,0,0,0,0,0,11,2
Khalil Dorsey,25,DET,CB,13,2,0,8,4,66,1,117.7,14,56,10,1,0,0,0,0,0,11,0
Brandin Echols,26,NYJ,CB,14,1,1,14,11,75,1,83,5.2,35,40,1,0,0,0,0,0,11,3
Gregory Junior,24,JAX,CB,9,0,0,9,7,49,0,89.4,3.9,32,17,3,1,0,1,0,1,11,2
Jesse Luketa,24,ARI,OLB,14,1,0,1,1,1,1,118.7,1,1,0,10,1,1,0,0,2,11,1
Owen Pappoe,23,ARI,LB,16,1,0,6,5,37,0,92.4,2.2,19,18,10,0,1,1,0,1,11,1
Jerrick Reed,23,SEA,S,10,0,0,2,1,7,0,58.3,7.5,7,0,0,0,0,0,0,0,11,0
Jay Tufele,24,CIN,DT,10,0,0,1,1,28,0,118.7,0,0,28,0,0,1,0,0,1,11,0
Ar'Darius Washington,24,BAL,S,2,1,0,17,12,87,1,101.8,3.4,26,61,2,0,1,0,1,2,11,2
Kindle Vildor,26,2TM,CB,7,2,0,20,11,161,2,114.8,13.7,100,61,2,0,1,0,0,1,11,0
Kindle Vildor,26,TEN,CB,2,0,0,1,1,7,0,95.8,7,7,0,0,0,0,0,0,0,1,0
Kindle Vildor,26,DET,CB,5,2,0,19,10,154,2,114.8,14.1,93,61,2,0,1,0,0,1,10,0
Markus Bailey,26,CIN,LB,17,0,0,1,1,22,0,118.7,21,21,1,1,0,0,0,0,0,10,0
Tony Brown,28,IND,CB,12,1,1,7,6,180,1,118.7,18,125,55,0,0,0,0,0,0,10,3
Marlon Davidson,25,TEN,DL,5,3,0,1,0,0,0,39.6,-5,0,0,0,1,0,0,1,2,10,0
Malik Herring,26,KAN,DE,7,1,0,2,1,8,0,60.4,3.5,4,4,0,1,1,1,1.5,4,10,0
Ka'dar Hollman,29,HOU,CB,17,1,0,6,3,41,0,72.2,10.8,32,9,2,0,0,0,0,0,10,0
Jake Hummel,24,LAR,LB,17,0,0,5,5,27,0,89.2,3.6,18,9,0,0,0,0,0,0,10,1
D'Shawn Jamison,24,CAR,CB,15,1,0,8,6,107,1,156.2,13.9,90,17,2,0,0,0,0,0,10,1
Joseph Ossai,23,CIN,DE,14,0,0,1,0,0,0,39.6,6,0,0,2,0,6,1,1,7,10,1
Isaac Rochell,28,LVR,DE,8,1,0,3,2,12,0,74.3,-1,-1,13,0,0,0,0,0,0,10,1
J.J. Russell,25,TAM,LB,8,1,0,1,1,9,0,104.2,1,1,8,2,0,0,0,1,1,10,1
Dawuane Smoot,28,JAX,OLB,12,0,0,0,0,0,0,,,0,0,4,1,2,0,1,4,10,1
DJ Turner,26,LVR,WR,10,0,0,1,1,7,0,95.8,-1,-1,8,0,0,0,0,0,0,10,0
Dee Winters,23,SFO,LB,15,0,0,12,8,82,0,86.1,5.8,38,44,1,0,0,0,0,0,10,0
Alex Austin,22,NWE,CB,5,1,1,16,5,21,1,35.4,12.1,9,12,0,0,0,0,0,0,9,1
Carter Coughlin,26,NYG,LB,17,0,0,0,0,0,0,,,0,0,2,0,0,0,0,0,9,0
Rashaan Evans,28,DAL,LB,9,1,0,2,0,0,0,39.6,9.5,0,0,2,0,0,0,0,0,9,0
Matthias Farley,31,CAR,S,5,1,0,3,2,19,0,84,5.3,5,14,0,0,0,0,0,0,9,3
Poona Ford,28,BUF,DT,8,0,0,0,0,0,0,,,0,0,0,2,2,0,1,5,9,1
Isaiah Foskey,23,NOR,DE,10,0,0,1,0,0,0,39.6,-2,0,0,1,0,0,1,0,0,9,0
Justin Houston,34,CAR,ROLB,7,7,0,4,3,-7,0,77.1,-4.5,-18,11,13,2,2,1,0.5,5,9,2
Desjuan Johnson,24,LAR,DE,11,0,0,0,0,0,0,,,0,0,0,1,0,0,2,3,9,1
Lonnie Johnson Jr.,28,NOR,CB,12,0,1,6,3,78,3,95.8,19.8,69,9,1,0,0,0,0,0,9,1
Anthony Kendall,24,TEN,CB,16,0,0,0,0,0,0,,,0,0,0,1,0,0,0,1,9,0
Jordan Kunaszyk,27,CLE,LB,5,0,0,3,3,38,1,158.3,8.3,25,13,3,0,0,0,0,0,9,2
Romeo Okwara,28,DET,DL,16,0,0,0,0,0,0,,,0,0,0,2,3,2,2,7,9,2
Zach VanValkenburg,25,LAR,OLB,9,0,0,2,1,11,0,66.7,3.5,-1,12,3,0,1,0,1,2,9,1
Abdullah Anderson,27,WAS,DL,7,0,0,1,1,-2,0,79.2,-3,-3,1,0,0,0,0,0.5,1,8,0
Josh Blackwell,24,CHI,DB,10,0,0,2,2,24,0,116.7,1,2,22,1,0,0,0,0,0,8,0
Andrew Booth,23,MIN,CB,17,1,0,10,7,84,0,95.4,9.6,60,24,0,0,0,0,0,0,8,0
Sheldon Day,29,MIN,DL,6,1,0,0,0,0,0,,,0,0,1,1,0,0,0,1,8,1
Mohamoud Diabate,22,CLE,LB,16,1,0,0,0,0,0,,,0,0,2,0,0,0,0,0,8,0
Kahlef Hailassie,23,CLE,CB,9,1,0,9,5,99,2,133.8,10,43,56,0,0,0,0,0,0,8,2
Christian Holmes,26,WAS,CB,13,0,0,2,1,6,0,56.2,5.5,-1,7,0,0,0,0,0,0,8,0
Phil Hoskins,26,ARI,DT,5,1,0,0,0,0,0,,,0,0,0,1,0,0,0,1,8,0
Naquan Jones,25,TEN,DT,8,1,0,1,0,0,0,39.6,-2,0,0,0,0,0,0,0,0,8,0
Phidarian Mathis,25,WAS,DT,10,0,0,0,0,0,0,,,0,0,0,0,1,0,0,1,8,0
Ross Matiscik,27,JAX,LS,17,0,0,0,0,0,0,,,0,0,1,0,0,0,0,0,8,0
TK McLendon,23,TEN,DE,7,2,0,0,0,0,0,,,0,0,0,0,0,0,0,0,8,2
James Pierre,27,PIT,CB,16,0,0,2,2,18,1,143.7,6.5,13,5,0,0,0,0,0,0,8,0
Jordon Riley,25,NYG,DL,8,0,0,0,0,0,0,,,0,0,0,0,0,0,0,0,8,3
Janarius Robinson,24,LVR,DE,6,2,0,0,0,0,0,,,0,0,0,0,1,0,1,2,8,1
D'Angelo Ross,27,HOU,CB,13,0,0,1,1,75,1,158.3,43,43,32,0,0,0,0,0,0,8,0
Jaquelin Roy,23,MIN,DL,12,1,0,0,0,0,0,,,0,0,0,0,1,0,0,1,8,0
Duke Shelley,27,LAR,DB,11,0,0,11,6,59,0,69.9,7.7,47,12,0,0,0,0,0,0,8,0
Ben Stille,26,ARI,DL,5,0,0,0,0,0,0,,,0,0,0,2,0,0,1,3,8,0
Pierre Strong,25,CLE,RB,17,1,0,0,0,0,0,,,0,0,2,0,0,0,0,0,8,0
Chazz Surratt,26,NYJ,LB,14,0,0,0,0,0,0,,,0,0,1,0,0,0,0,0,8,0
Shaq Thompson,29,CAR,LB,2,2,0,5,4,32,0,93.3,3.6,12,20,3,1,0,0,0,1,8,2
Jay Ward,23,MIN,S,17,0,0,2,2,26,1,158.3,1,2,24,2,0,0,0,0,0,8,2
Chandler Wooten,24,CAR,LB,8,0,0,4,2,17,0,61.5,2.8,0,17,2,0,0,0,0,0,8,0
Frank Clark,30,2TM,DE,8,0,0,3,3,16,0,88.9,-1.7,-5,21,0,1,0,0,0,1,8,0
Frank Clark,30,DEN,DE,2,0,0,2,2,9,0,85.4,-1.5,-3,12,0,0,0,0,0,0,2,0
Frank Clark,30,SEA,LB,6,0,0,1,1,7,0,95.8,-2,-2,9,0,1,0,0,0,1,6,0
Micah Abernathy,26,ATL,S,12,0,0,2,2,12,0,91.7,5.5,11,1,2,0,0,0,0,0,7,0
Brian Asamoah,23,MIN,LB,13,0,0,1,1,1,0,79.2,-5,-5,6,1,1,0,0,0,1,7,1
Joey Blount,25,ARI,S,11,0,1,1,0,0,0,0,0,0,0,0,0,0,0,0,0,7,1
Mike Brown,24,TEN,S,9,1,0,7,5,52,0,92.6,5.3,13,39,1,0,0,0,0,0,7,0
Deon Bush,30,KAN,DB,6,0,0,2,2,28,0,118.7,5,10,18,0,0,0,0,0,0,7,2
Marcus Davenport,27,MIN,DL,4,3,0,1,1,0,0,79.2,-6,-6,6,7,2,2,0,2,6,7,0
Bryce Hall,26,NYJ,CB,9,2,1,12,6,87,0,39.2,11.7,45,42,1,0,0,0,0,0,7,1
Melvin Ingram,34,MIA,LB,3,0,0,1,1,26,0,118.7,21,21,5,1,1,0,0,1.5,3,7,1
Drake Jackson,22,SFO,DL,8,0,0,1,0,0,0,39.6,-4,0,0,1,4,1,1,3,8,7,0
Patrick Johnson,25,PHI,LB,15,0,0,0,0,0,0,,,0,0,3,1,0,0,0,1,7,1
Sam Kamara,26,CLE,DE,2,0,0,0,0,0,0,,,0,0,1,0,0,0,0,0,7,0
Darrell Luter,23,SFO,CB,7,0,0,5,2,20,0,52.1,16,4,16,0,0,0,0,0,0,7,0
Jacob Martin,28,IND,DE,17,0,0,0,0,0,0,,,0,0,0,1,1,0,2,4,7,0
Tyler Matakevich,31,BUF,LB,17,0,0,2,0,0,0,39.6,6.5,0,0,0,0,0,0,0,0,7,0
Nik Needham,27,MIA,CB,10,0,0,8,6,44,0,87.5,10.4,31,13,2,0,0,0,0,0,7,1
Dare Ogunbowale,29,HOU,RB,12,0,0,0,0,0,0,,,0,0,1,0,0,0,0,0,7,0
Julian Okwara,26,DET,LB,9,1,0,1,1,20,0,118.7,14,14,6,2,1,2,1,2,5,7,1
Myjai Sanders,25,HOU,DE,7,0,0,1,1,9,0,104.2,-7,-7,16,2,2,2,0,0,4,7,1
Grant Stuard,25,IND,LB,17,0,0,2,2,29,0,118.7,5,10,19,4,0,0,0,0,0,7,0
Carlos Watkins,30,ARI,DT,2,1,0,0,0,0,0,,,0,0,0,0,0,1,1,1,7,0
Samuel Womack,24,SFO,CB,7,0,0,5,4,19,1,122.1,4.6,15,4,0,0,0,0,0,0,7,0
Myles Adams,25,SEA,DT,11,1,0,0,0,0,0,,,0,0,0,4,0,0,1,5,6,0
Jalyn Armour-Davis,24,BAL,CB,8,0,0,3,3,19,0,93.1,3.3,10,9,0,0,0,0,0,0,6,0
Luke Gifford,28,TEN,LB,11,1,0,1,1,8,0,100,3,3,5,0,0,0,0,0,0,6,0
Trevis Gipson,26,TEN,OLB,8,0,0,1,1,17,0,118.7,15,15,2,1,1,0,0,1,2,6,1
Cameron Goode,25,MIA,LB,17,0,0,1,0,0,0,39.6,1,0,0,4,1,2,0,0,3,6,1
Mike Greene,24,TAM,DL,10,2,0,0,0,0,0,,,0,0,0,0,0,0,0,0,6,1
Jalen Harris,24,WAS,DE,5,0,0,1,1,1,0,79.2,1,1,0,0,0,1,1,0,1,6,0
Chris Lammons,27,IND,CB,4,1,0,2,0,7,0,41.7,9,3,4,2,0,0,0,0,0,6,0
Isaiah Land,23,IND,LB,7,0,0,0,0,0,0,,,0,0,0,0,0,0,1,1,6,0
Tristin McCollum,24,PHI,DB,3,0,0,2,1,6,0,56.2,5.5,6,0,0,0,0,0,0,0,6,0
Isaiah McGuire,22,CLE,DE,4,1,0,0,0,0,0,,,0,0,1,1,1,0,1,3,6,0
Riley Moss,23,DEN,CB,14,0,0,1,1,14,0,118.7,0,0,14,0,0,0,0,0,0,6,0
Israel Mukuamu,24,DAL,S,14,0,0,3,1,9,0,42.4,4.7,8,1,0,0,0,0,0,0,6,0
David Ojabo,23,BAL,OLB,3,1,0,0,0,0,0,,,0,0,0,1,0,0,1,2,6,1
Baylon Spector,25,BUF,LB,9,0,0,1,1,8,0,100,1,1,7,0,0,0,0,0,0,6,0
Eric Stokes,24,GNB,CB,3,2,0,8,6,79,3,145.3,13.3,56,23,0,0,0,0,0,0,6,0
Keir Thomas,25,LAR,OLB,8,0,0,1,1,20,0,118.7,13,13,7,2,0,2,0,0,2,6,0
Garret Wallow,24,TEN,LB,3,0,0,3,3,18,0,91.7,0.3,1,17,2,0,0,0,0,0,6,0
Al Woods,36,NYJ,DL,6,0,0,1,1,11,0,112.5,-4,-4,15,0,1,1,0,1,3,6,0
Adetomiwa Adebawore,22,IND,DE,10,0,0,1,1,1,0,79.2,-4,-4,5,0,0,2,0,1.5,4,5,1
Robert Beal,24,SFO,DL,4,0,0,0,0,0,0,,,0,0,0,0,0,0,1,1,5,0
Earnest Brown IV,24,LAR,DE,7,0,0,1,1,6,0,91.7,-1,-1,7,0,0,0,0,0,0,5,0
Jalen Davis,27,CIN,CB,16,0,0,7,4,43,1,114.9,9.9,36,7,0,0,0,0,0,0,5,1
Brandon Facyson,29,LVR,CB,3,0,0,6,4,51,0,93.1,7.3,29,22,1,0,0,0,0,0,5,3
Mario Goodrich,23,PHI,CB,4,1,0,10,10,118,1,149.2,5.7,57,61,0,0,0,0,0,0,5,2
Vincent Gray,24,CLE,DB,1,0,0,7,5,30,0,79.5,3.6,11,19,0,0,0,0,0,0,5,2
Jalyn Holmes,27,NYJ,DL,5,0,0,0,0,0,0,,,0,0,0,0,0,0,1,1,5,1
Kingsley Jonathan,25,BUF,DE,13,0,0,0,0,0,0,,,0,0,0,3,2,0,0,5,5,0
Marcus Jones,25,NWE,DB,2,1,0,5,4,50,1,147.9,5.4,2,48,1,0,0,0,0,0,5,0
Kyu Blu Kelly,22,2TM,CB,3,0,0,4,4,22,1,129.2,3,12,10,1,0,0,0,0,0,5,0
Kyu Blu Kelly,22,GNB,CB,1,0,0,1,1,15,0,118.7,5,5,10,0,0,0,0,0,0,0,0
Kyu Blu Kelly,22,WAS,CB,2,0,0,3,3,7,1,118.7,2.3,7,0,1,0,0,0,0,0,5,0
Raheem Layne,24,LAC,S,5,1,0,3,3,29,0,106.9,6,18,11,0,0,0,0,0,0,5,0
Parry Nickerson,29,MIA,CB,5,0,0,6,3,54,0,81.2,11.7,43,11,4,0,0,0,0,0,5,0
Levi Onwuzurike,25,DET,DL,10,0,0,2,2,30,0,118.7,-1.5,-3,33,0,0,1,0,1,2,5,2
Sam Roberts,25,NWE,DL,7,1,0,0,0,0,0,,,0,0,0,0,0,0,0,0,5,1
Chris Rumph,25,LAC,OLB,6,0,0,1,1,0,0,79.2,-3,-3,3,0,0,0,0,0,0,5,0
Jason Taylor,24,LAR,DB,8,0,0,1,1,26,0,118.7,15,15,11,0,0,0,0,0,0,5,1
Roderic Teamer,26,LVR,S,6,0,0,2,1,19,0,83.3,2,4,15,0,0,0,0,0,0,5,0
Divaad Wilson,23,ARI,CB,2,1,0,7,3,54,0,69.9,6.3,41,13,1,0,0,0,0,0,5,1
JT Woods,23,LAC,S,3,0,0,3,2,23,0,89.6,7.3,2,21,0,0,0,0,0,0,5,1
Nahshon Wright,25,DAL,CB,12,0,0,6,4,17,1,109.7,3.8,-3,20,0,0,0,0,0,0,5,2
Tariq Castro-Fields,24,WAS,CB,8,1,0,3,3,31,1,149.3,10.3,31,0,0,0,0,0,0,0,4,1
Trevon Diggs,25,DAL,CB,2,2,1,9,3,31,0,4.6,10.6,9,22,0,0,0,0,0,0,4,0
Samuel Eguavoen,30,NYJ,LB,15,0,0,2,0,0,0,39.6,0.5,0,0,0,0,0,0,0,0,4,0
Royce Freeman,27,LAR,RB,14,0,0,0,0,0,0,,,0,0,1,0,0,0,0,0,4,0
Innis Gaines,25,GNB,S,4,0,0,3,1,5,0,42.4,-1,3,2,0,0,0,0,0,0,4,0
Elijah Garcia,25,DEN,DL,3,0,0,0,0,0,0,,,0,0,0,0,0,0,1,1,4,0
C.J. Goodwin,33,DAL,CB,5,0,0,2,2,14,0,95.8,3,6,8,0,0,0,0,0,0,4,0
Nick Hampton,23,LAR,OLB,10,0,0,2,1,11,0,66.7,-2,-5,16,2,0,0,0,0,0,4,0
Tayler Hawkins,26,SFO,S,1,1,1,3,2,46,0,70.1,20.7,43,3,2,0,0,0,0,0,4,0
Timmy Horne,26,ATL,DL,3,0,0,0,0,0,0,,,0,0,0,1,0,1,0,1,4,0
Buddy Johnson,24,DAL,LB,2,0,0,0,0,0,0,,,0,0,0,0,1,0,0,1,4,0
Andre Jones,25,WAS,DE,14,2,0,0,0,0,0,,,0,0,0,0,0,3,0,0,4,2
Nic Jones,22,KAN,CB,9,0,0,2,2,17,0,102.1,1.5,3,14,2,0,1,0,0,1,4,0
Eku Leota,24,CAR,OLB,8,0,0,1,0,0,0,39.6,0,0,0,1,1,0,0,0,1,4,2
Blake Martinez,29,PIT,LB,1,1,0,0,0,0,0,,,0,0,1,0,0,0,0,0,4,1
Pat O'Connor,30,TAM,DL,11,0,0,0,0,0,0,,,0,0,0,0,0,0,0,0,4,1
AJ Parker,25,CAR,CB,1,0,0,3,2,14,0,77.1,6.3,11,3,0,0,0,0,0,0,4,1
Kendall Sheffield,27,SFO,DB,3,0,0,3,2,4,0,70.1,7,6,-2,0,0,0,0,0,0,4,0
Jalen Tolbert,24,DAL,WR,17,6,0,2,2,59,0,118.7,16.5,33,26,0,0,0,0,0,0,4,0
Markees Watts,24,TAM,OLB,7,0,0,2,2,13,0,93.7,0,0,13,0,0,1,0,1,2,4,0
Oshane Ximines,27,NYG,LB,3,0,0,1,1,7,0,95.8,4,4,3,2,0,2,0,0,2,4,1
Joe Bachie,25,CIN,LB,16,0,0,0,0,0,0,,,0,0,2,0,0,0,0,0,3,0
Sean Chandler,27,WAS,DB,2,1,0,2,1,4,1,95.8,8.5,2,2,0,0,0,0,0,0,3,0
Cory Durden,24,LAR,DT,4,0,0,0,0,0,0,,,0,0,0,0,0,0,0,0,3,1
Andrew Farmer,23,LAC,OLB,8,0,0,0,0,0,0,,,0,0,4,0,0,0,0,0,3,0
DJ Ivey,23,CIN,CB,8,0,0,2,1,4,0,56.2,18,2,2,0,0,0,0,0,0,3,0
Malik Jefferson,27,DAL,LB,3,0,0,0,0,0,0,,,0,0,0,0,0,0,0,0,3,1
Quindell Johnson,24,CHI,DB,9,0,1,1,1,37,0,79.2,25,25,12,0,0,0,0,0,0,3,0
Kana'i Mauga,23,LVR,LB,5,0,0,3,3,8,0,79.2,-1.3,-4,12,0,0,0,0,0,0,3,2
Von Miller,34,BUF,LB,12,0,0,2,2,11,0,89.6,-1.5,-3,14,3,2,3,0,0,5,3,1
Mike Morris,22,SEA,DE,1,0,0,0,0,0,0,,,0,0,0,0,0,0,0,0,3,1
Malik Reed,27,LVR,DB,4,2,0,2,2,23,0,114.6,-4.5,-9,32,3,0,0,0,0,0,3,0
Darius Rush,23,PIT,CB,3,0,0,2,1,12,0,68.7,13,7,5,0,0,0,0,0,0,3,0
Kevon Seymour,30,BAL,CB,8,0,0,1,1,1,0,79.2,0,0,1,0,0,0,0,0,0,3,0
Ameer Speed,24,NWE,CB,5,0,0,0,0,0,0,,,0,0,1,0,0,0,0,0,3,0
Tyrus Wheat,24,DAL,DE,12,0,0,1,1,11,0,112.5,4,4,7,5,0,0,0,0,0,3,2
McTelvin Agim,26,IND,DT,1,0,0,0,0,0,0,,,0,0,0,0,1,0,0,1,2,0
Joe Gaziano,27,ATL,DL,2,0,0,0,0,0,0,,,0,0,0,0,0,0,0,0,2,1
Damar Hamlin,25,BUF,S,5,0,0,1,1,6,0,91.7,5,5,1,0,0,0,0,0,0,2,0
Devin Harper,25,CIN,LB,6,0,0,0,0,0,0,,,0,0,1,0,0,0,0,0,2,0
Tae Hayes,26,NYJ,CB,1,0,0,3,3,54,0,118.7,18,54,0,0,0,0,0,0,0,2,0
Thomas Incoom,24,DEN,OLB,4,0,0,0,0,0,0,,,0,0,1,0,0,0,0,0,2,1
Kelvin Joseph,24,MIA,CB,4,0,0,2,2,39,0,118.7,17.5,35,4,0,0,0,0,0,0,2,0
Ochaun Mathis,24,LAR,OLB,8,0,0,0,0,0,0,,,0,0,7,0,1,0,0,1,2,0
Tanner McCalister,23,CLE,S,3,0,0,0,0,0,0,,,0,0,2,0,0,0,0,0,2,0
T.Y. McGill,31,SFO,DL,2,0,0,0,0,0,0,,,0,0,0,0,1,0,0,1,2,0
Chris Moore,30,TEN,WR,17,5,0,1,0,0,0,39.6,37,0,0,0,0,0,0,0,0,2,0
Caleb Murphy,24,TEN,OLB,3,0,0,0,0,0,0,,,0,0,1,0,0,0,0,0,2,0
Efe Obada,31,WAS,DE,5,0,0,0,0,0,0,,,0,0,1,0,0,0,0,0,2,0
Derrek Pitts,25,TAM,CB,4,0,0,2,1,25,0,95.8,8,10,15,0,0,0,0,0,0,2,1
Shaquille Quarterman,26,JAX,LB,17,0,0,0,0,0,0,,,0,0,1,0,0,0,0,0,2,0
Giovanni Ricci,27,CAR,TE,5,0,0,1,0,0,0,39.6,0,0,0,7,0,0,0,0,0,2,1
Josiah Scott,24,PHI,DB,4,0,0,6,6,25,0,84,1.5,9,16,1,0,0,0,0,0,2,0
Tanzel Smart,29,NYJ,DL,4,0,0,0,0,0,0,,,0,0,0,0,0,0,0,0,2,1
Cam Smith,23,MIA,CB,15,0,0,3,3,24,0,100,3.3,10,14,1,0,0,0,0,0,2,0
Jaylon Smith,28,LVR,LB,1,0,0,0,0,0,0,,,0,0,1,0,0,0,0,0,2,0
Jordan Stout,25,BAL,P,17,0,0,1,0,0,0,39.6,-2,0,0,0,0,0,0,0,0,2,0
Charlie Thomas,23,CLE,LB,4,0,0,0,0,0,0,,,0,0,1,0,0,0,0,0,2,0
BJ Thompson,24,KAN,DE,1,0,0,1,1,1,0,79.2,-7,-7,8,5,0,0,0,0,0,2,2
Kendal Vickers,28,BUF,DE,2,0,0,0,0,0,0,,,0,0,0,1,0,0,0,1,2,1
Yasir Abdullah,23,JAX,LB,5,0,0,1,0,0,0,39.6,0,0,0,7,1,1,0,0,2,1,0
Alex Armah,29,WAS,RB,8,0,0,0,0,0,0,,,0,0,0,0,0,0,0,0,1,1
Anthony Barr,31,MIN,LB,4,0,0,1,1,5,0,87.5,2,2,3,3,0,0,0,0,0,1,0
Ethan Bonner,24,MIA,CB,2,0,0,2,0,0,0,39.6,12,0,0,0,0,0,0,0,0,1,0
Austin Bryant,27,SFO,DL,2,0,0,0,0,0,0,,,0,0,0,1,0,0,0,1,1,0
Kalia Davis,25,SFO,DL,3,0,0,0,0,0,0,,,0,0,0,0,0,0,1,1,1,0
Austin Faoliu,24,SEA,NT,2,0,0,0,0,0,0,,,0,0,0,0,0,0,0,0,1,1
Derrick Gore,29,WAS,RB,6,0,0,1,0,0,0,39.6,22,0,0,0,0,0,0,0,0,1,0
James Houston,25,DET,LB,2,1,0,1,1,31,0,118.7,23,23,8,0,0,1,0,0,1,1,0
Kerry Hyder,32,SFO,DE,4,0,0,0,0,0,0,,,0,0,0,2,0,0,1,3,1,0
Bruce Irvin,36,DET,LB,2,0,0,1,0,0,0,39.6,5,0,0,2,2,1,0,1,2,1,0
Craig James,27,NYJ,CB,2,0,0,3,1,6,0,42.4,6,5,1,0,0,0,0,0,0,1,0
Sidney Jones,27,CIN,CB,3,0,0,2,2,35,1,158.3,16,32,3,0,0,0,0,0,0,1,1
Khalid Kareem,25,CHI,DL,1,0,0,1,0,0,0,39.6,5,0,0,0,0,0,0,0,0,1,0
Cory Littleton,30,HOU,LB,9,0,0,1,1,10,0,108.3,-3,-3,13,0,0,0,0,0,0,1,1
Bobby McCain,30,NYG,S,10,0,0,2,1,12,1,108.3,16.5,12,0,0,0,0,0,0,0,1,1
Calvin Munson,29,NWE,LB,3,0,0,1,1,7,0,95.8,-1,-1,8,1,0,0,0,0,0,1,0
Payton Turner,24,NOR,DE,2,0,0,0,0,0,0,,,0,0,0,0,1,0,0,1,1,0
Jonathan Ward,26,TEN,RB,7,0,0,0,0,0,0,,,0,0,0,0,0,0,0,0,1,1
Jaylin Williams,23,MIN,CB,3,0,0,3,3,28,0,105.6,3,9,19,0,0,0,0,0,0,1,2
Joejuan Williams,26,MIN,CB,2,0,0,4,1,1,0,39.6,16.3,1,0,0,0,0,0,0,0,1,0
Israel Abanikanda,21,NYJ,RB,6,0,0,0,0,0,0,,,0,0,0,0,0,0,0,0,0,1
Andrew Adams,31,BAL,S,3,0,0,0,0,0,0,,,0,0,0,0,0,0,0,0,0,1
Ekow Boye-Doe,24,KAN,CB,6,0,0,1,0,0,0,39.6,0,0,0,0,0,0,0,0,0,0,0
Christian Braswell,24,JAX,CB,3,0,0,0,0,0,0,,,0,0,1,1,0,0,0,1,0,0
Aaron Brewer,26,TEN,C,17,17,0,0,0,0,0,,,0,0,3,0,0,0,0,0,0,0
DeAndre Carter,30,LVR,WR,17,1,0,0,0,0,0,,,0,0,1,0,0,0,0,0,0,0
Michael Carter,24,NYJ,RB,9,0,0,0,0,0,0,,,0,0,1,0,0,0,0,0,0,0
Corey Clement,29,ARI,RB,3,0,0,2,0,0,0,39.6,1,0,0,0,0,0,0,0,0,0,0
Dane Cruikshank,28,TEN,DB,2,0,0,0,0,0,0,,,0,0,1,0,0,0,0,0,0,0
Milo Eifler,25,ATL,LB,2,0,0,0,0,0,0,,,0,0,1,0,0,0,0,0,0,0
Tay Gowan,25,TEN,CB,1,0,0,1,0,0,0,39.6,0,0,0,0,0,0,0,0,0,0,0
Eric Gray,24,NYG,RB,13,0,0,3,2,7,0,70.1,1.7,-3,10,0,0,0,0,0,0,0,2
Blake Grupe,25,NOR,K,17,0,0,0,0,0,0,,,0,0,1,0,0,0,0,0,0,0
Damien Harris,26,BUF,RB,6,0,0,0,0,0,0,,,0,0,1,0,0,0,0,0,0,0
Noah Igbinoghene,24,DAL,CB,5,0,0,2,1,8,0,60.4,14,1,7,0,0,0,0,0,0,0,0
Siaki Ika,23,CLE,DT,4,0,0,0,0,0,0,,,0,0,0,0,1,0,0,1,0,2
Keaontay Ingram,24,ARI,RB,8,1,0,1,1,5,0,87.5,0,0,5,0,0,0,0,0,0,0,0
Zack Kuntz,24,NYJ,TE,1,0,0,0,0,0,0,,,0,0,0,0,0,0,0,0,0,1
Tyreek Maddox-Williams,26,ARI,LB,3,0,0,0,0,0,0,,,0,0,1,0,0,0,0,0,0,0
Marcus McKethan,24,NYG,OL,16,5,0,0,0,0,0,,,0,0,1,0,0,0,0,0,0,0
Zack Moss,26,IND,RB,14,8,0,0,0,0,0,,,0,0,0,0,0,0,0,0,0,1
Amani Oruwariye,27,JAX,CB,1,0,0,0,0,0,0,,,0,0,1,0,0,0,0,0,0,0
Jayden Reed,23,GNB,WR,16,13,0,0,0,0,0,,,0,0,0,0,0,0,0,0,0,1
Daniel Sorensen,33,NOR,S,2,0,0,1,1,8,0,100,0,0,8,0,0,0,0,0,0,0,1
Teez Tabor,28,SEA,S,1,0,0,1,0,0,0,39.6,9,0,0,0,0,0,0,0,0,0,0
Zachary Thomas,25,LAR,OL,2,0,0,0,0,0,0,,,0,0,1,0,0,0,0,0,0,0
SaRodorick Thompson,24,SEA,RB,1,0,0,0,0,0,0,,,0,0,0,0,0,0,0,0,0,1
Jason Verrett,32,SFO,CB,1,0,0,1,1,6,1,131.2,6,6,0,0,0,0,0,0,0,0,0
Sam Webb,25,CAR,S,1,0,0,0,0,0,0,,,0,0,0,0,0,0,0,0,0,1
Benton Whitley,24,2TM,LB,4,0,0,1,0,0,0,39.6,-2,0,0,3,1,0,1,0,1,0,1
Benton Whitley,24,MIN,LB,1,0,0,0,0,0,0,,,0,0,3,1,0,0,0,1,0,1
Benton Whitley,24,NYG,OLB,3,0,0,1,0,0,0,39.6,-2,0,0,0,0,0,1,0,0,0,0